row,source,run_id,impl,variant,mode,bytes,lat_us,p25_us,p75_us,algbw_GBps,busbw_GBps,algo,proto,backend,oneshot,n,alpha_us,beta_GBps
point,comm_m2,P0-comm_m2-none-none-r0-818ea63a,standard_allreduce__native_rms_norm,,,8192,21.53981477022171,,,,,,,standard,,,,
point,comm_m2,P0-comm_m2-none-none-r0-818ea63a,standard_allreduce__custom_rms_norm,,,8192,21.432340145111084,,,,,,,standard,,,,
point,comm_m2,P0-comm_m2-none-none-r0-818ea63a,standard_allreduce_rmsnorm_native_compiled,,,8192,21.416693925857544,,,,,,,standard,,,,
point,comm_m2,P0-comm_m2-none-none-r0-818ea63a,flashinfer_trtllm_fused_allreduce_rmsnorm_oneshot,,,8192,5.048513412475586,,,,,,,trtllm,True,,,
point,comm_m2,P0-comm_m2-none-none-r0-818ea63a,flashinfer_trtllm_fused_allreduce_rmsnorm_twoshot,,,8192,,,,,,,,trtllm,False,,,
point,comm_m2,P0-comm_m2-none-none-r0-818ea63a,flashinfer_mnnvl_fused_allreduce_rmsnorm_oneshot,,,8192,4.599802196025848,,,,,,,mnnvl,True,,,
point,comm_m2,P0-comm_m2-none-none-r0-818ea63a,flashinfer_mnnvl_fused_allreduce_rmsnorm_twoshot,,,8192,4.967488348484039,,,,,,,mnnvl,False,,,
point,comm_m2,P0-comm_m2-none-none-r0-818ea63a,standard_allreduce__native_rms_norm,,,16384,23.45070242881775,,,,,,,standard,,,,
point,comm_m2,P0-comm_m2-none-none-r0-818ea63a,standard_allreduce__custom_rms_norm,,,16384,23.75878393650055,,,,,,,standard,,,,
point,comm_m2,P0-comm_m2-none-none-r0-818ea63a,standard_allreduce_rmsnorm_native_compiled,,,16384,23.38215708732605,,,,,,,standard,,,,
point,comm_m2,P0-comm_m2-none-none-r0-818ea63a,flashinfer_trtllm_fused_allreduce_rmsnorm_oneshot,,,16384,5.240179598331451,,,,,,,trtllm,True,,,
point,comm_m2,P0-comm_m2-none-none-r0-818ea63a,flashinfer_trtllm_fused_allreduce_rmsnorm_twoshot,,,16384,,,,,,,,trtllm,False,,,
point,comm_m2,P0-comm_m2-none-none-r0-818ea63a,flashinfer_mnnvl_fused_allreduce_rmsnorm_oneshot,,,16384,4.530884325504303,,,,,,,mnnvl,True,,,
point,comm_m2,P0-comm_m2-none-none-r0-818ea63a,flashinfer_mnnvl_fused_allreduce_rmsnorm_twoshot,,,16384,5.000829696655273,,,,,,,mnnvl,False,,,
point,comm_m2,P0-comm_m2-none-none-r0-818ea63a,standard_allreduce__native_rms_norm,,,32768,24.68712627887726,,,,,,,standard,,,,
point,comm_m2,P0-comm_m2-none-none-r0-818ea63a,standard_allreduce__custom_rms_norm,,,32768,24.645403027534485,,,,,,,standard,,,,
point,comm_m2,P0-comm_m2-none-none-r0-818ea63a,standard_allreduce_rmsnorm_native_compiled,,,32768,24.652108550071716,,,,,,,standard,,,,
point,comm_m2,P0-comm_m2-none-none-r0-818ea63a,flashinfer_trtllm_fused_allreduce_rmsnorm_oneshot,,,32768,5.459040403366089,,,,,,,trtllm,True,,,
point,comm_m2,P0-comm_m2-none-none-r0-818ea63a,flashinfer_trtllm_fused_allreduce_rmsnorm_twoshot,,,32768,115.1103526353836,,,,,,,trtllm,False,,,
point,comm_m2,P0-comm_m2-none-none-r0-818ea63a,flashinfer_mnnvl_fused_allreduce_rmsnorm_oneshot,,,32768,4.541873931884766,,,,,,,mnnvl,True,,,
point,comm_m2,P0-comm_m2-none-none-r0-818ea63a,flashinfer_mnnvl_fused_allreduce_rmsnorm_twoshot,,,32768,5.1217153668403625,,,,,,,mnnvl,False,,,
point,comm_m2,P0-comm_m2-none-none-r0-818ea63a,standard_allreduce__native_rms_norm,,,65536,26.936456561088562,,,,,,,standard,,,,
point,comm_m2,P0-comm_m2-none-none-r0-818ea63a,standard_allreduce__custom_rms_norm,,,65536,27.026981115341187,,,,,,,standard,,,,
point,comm_m2,P0-comm_m2-none-none-r0-818ea63a,standard_allreduce_rmsnorm_native_compiled,,,65536,27.05436199903488,,,,,,,standard,,,,
point,comm_m2,P0-comm_m2-none-none-r0-818ea63a,flashinfer_trtllm_fused_allreduce_rmsnorm_oneshot,,,65536,5.566701292991638,,,,,,,trtllm,True,,,
point,comm_m2,P0-comm_m2-none-none-r0-818ea63a,flashinfer_trtllm_fused_allreduce_rmsnorm_twoshot,,,65536,59.79929119348526,,,,,,,trtllm,False,,,
point,comm_m2,P0-comm_m2-none-none-r0-818ea63a,flashinfer_mnnvl_fused_allreduce_rmsnorm_oneshot,,,65536,4.6584755182266235,,,,,,,mnnvl,True,,,
point,comm_m2,P0-comm_m2-none-none-r0-818ea63a,flashinfer_mnnvl_fused_allreduce_rmsnorm_twoshot,,,65536,5.203485488891602,,,,,,,mnnvl,False,,,
point,comm_m2,P0-comm_m2-none-none-r0-818ea63a,standard_allreduce__native_rms_norm,,,131072,31.393207609653473,,,,,,,standard,,,,
point,comm_m2,P0-comm_m2-none-none-r0-818ea63a,standard_allreduce__custom_rms_norm,,,131072,31.428784132003784,,,,,,,standard,,,,
point,comm_m2,P0-comm_m2-none-none-r0-818ea63a,standard_allreduce_rmsnorm_native_compiled,,,131072,31.372159719467163,,,,,,,standard,,,,
point,comm_m2,P0-comm_m2-none-none-r0-818ea63a,flashinfer_trtllm_fused_allreduce_rmsnorm_oneshot,,,131072,5.734339356422424,,,,,,,trtllm,True,,,
point,comm_m2,P0-comm_m2-none-none-r0-818ea63a,flashinfer_trtllm_fused_allreduce_rmsnorm_twoshot,,,131072,33.88151526451111,,,,,,,trtllm,False,,,
point,comm_m2,P0-comm_m2-none-none-r0-818ea63a,flashinfer_mnnvl_fused_allreduce_rmsnorm_oneshot,,,131072,5.224905908107758,,,,,,,mnnvl,True,,,
point,comm_m2,P0-comm_m2-none-none-r0-818ea63a,flashinfer_mnnvl_fused_allreduce_rmsnorm_twoshot,,,131072,5.527213215827942,,,,,,,mnnvl,False,,,
point,comm_m2,P0-comm_m2-none-none-r0-818ea63a,standard_allreduce__native_rms_norm,,,262144,32.96174108982086,,,,,,,standard,,,,
point,comm_m2,P0-comm_m2-none-none-r0-818ea63a,standard_allreduce__custom_rms_norm,,,262144,33.203139901161194,,,,,,,standard,,,,
point,comm_m2,P0-comm_m2-none-none-r0-818ea63a,standard_allreduce_rmsnorm_native_compiled,,,262144,33.06753933429718,,,,,,,standard,,,,
point,comm_m2,P0-comm_m2-none-none-r0-818ea63a,flashinfer_trtllm_fused_allreduce_rmsnorm_oneshot,,,262144,6.370246410369873,,,,,,,trtllm,True,,,
point,comm_m2,P0-comm_m2-none-none-r0-818ea63a,flashinfer_trtllm_fused_allreduce_rmsnorm_twoshot,,,262144,22.836588323116302,,,,,,,trtllm,False,,,
point,comm_m2,P0-comm_m2-none-none-r0-818ea63a,flashinfer_mnnvl_fused_allreduce_rmsnorm_oneshot,,,262144,6.029382348060608,,,,,,,mnnvl,True,,,
point,comm_m2,P0-comm_m2-none-none-r0-818ea63a,flashinfer_mnnvl_fused_allreduce_rmsnorm_twoshot,,,262144,5.940720438957214,,,,,,,mnnvl,False,,,
point,comm_m2,P0-comm_m2-none-none-r0-818ea63a,standard_allreduce__native_rms_norm,,,524288,35.03970801830292,,,,,,,standard,,,,
point,comm_m2,P0-comm_m2-none-none-r0-818ea63a,standard_allreduce__custom_rms_norm,,,524288,35.08813679218292,,,,,,,standard,,,,
point,comm_m2,P0-comm_m2-none-none-r0-818ea63a,standard_allreduce_rmsnorm_native_compiled,,,524288,35.03188490867615,,,,,,,standard,,,,
point,comm_m2,P0-comm_m2-none-none-r0-818ea63a,flashinfer_trtllm_fused_allreduce_rmsnorm_oneshot,,,524288,7.245130836963654,,,,,,,trtllm,True,,,
point,comm_m2,P0-comm_m2-none-none-r0-818ea63a,flashinfer_trtllm_fused_allreduce_rmsnorm_twoshot,,,524288,21.502748131752014,,,,,,,trtllm,False,,,
point,comm_m2,P0-comm_m2-none-none-r0-818ea63a,flashinfer_mnnvl_fused_allreduce_rmsnorm_oneshot,,,524288,7.444992661476135,,,,,,,mnnvl,True,,,
point,comm_m2,P0-comm_m2-none-none-r0-818ea63a,flashinfer_mnnvl_fused_allreduce_rmsnorm_twoshot,,,524288,7.766298949718475,,,,,,,mnnvl,False,,,
point,comm_m2,P0-comm_m2-none-none-r0-818ea63a,standard_allreduce__native_rms_norm,,,1048576,38.03744912147522,,,,,,,standard,,,,
point,comm_m2,P0-comm_m2-none-none-r0-818ea63a,standard_allreduce__custom_rms_norm,,,1048576,38.11195492744446,,,,,,,standard,,,,
point,comm_m2,P0-comm_m2-none-none-r0-818ea63a,standard_allreduce_rmsnorm_native_compiled,,,1048576,38.03558647632599,,,,,,,standard,,,,
point,comm_m2,P0-comm_m2-none-none-r0-818ea63a,flashinfer_trtllm_fused_allreduce_rmsnorm_oneshot,,,1048576,7.781758904457092,,,,,,,trtllm,True,,,
point,comm_m2,P0-comm_m2-none-none-r0-818ea63a,flashinfer_trtllm_fused_allreduce_rmsnorm_twoshot,,,1048576,18.909946084022522,,,,,,,trtllm,False,,,
point,comm_m2,P0-comm_m2-none-none-r0-818ea63a,flashinfer_mnnvl_fused_allreduce_rmsnorm_oneshot,,,1048576,10.265596210956573,,,,,,,mnnvl,True,,,
point,comm_m2,P0-comm_m2-none-none-r0-818ea63a,flashinfer_mnnvl_fused_allreduce_rmsnorm_twoshot,,,1048576,8.47652554512024,,,,,,,mnnvl,False,,,
point,comm_m2,P0-comm_m2-none-none-r0-818ea63a,standard_allreduce__native_rms_norm,,,2097152,52.92519927024841,,,,,,,standard,,,,
point,comm_m2,P0-comm_m2-none-none-r0-818ea63a,standard_allreduce__custom_rms_norm,,,2097152,52.92613059282303,,,,,,,standard,,,,
point,comm_m2,P0-comm_m2-none-none-r0-818ea63a,standard_allreduce_rmsnorm_native_compiled,,,2097152,,,,,,,,standard,,,,
point,comm_m2,P0-comm_m2-none-none-r0-818ea63a,flashinfer_trtllm_fused_allreduce_rmsnorm_oneshot,,,2097152,11.39957457780838,,,,,,,trtllm,True,,,
point,comm_m2,P0-comm_m2-none-none-r0-818ea63a,flashinfer_trtllm_fused_allreduce_rmsnorm_twoshot,,,2097152,20.505860447883606,,,,,,,trtllm,False,,,
point,comm_m2,P0-comm_m2-none-none-r0-818ea63a,flashinfer_mnnvl_fused_allreduce_rmsnorm_oneshot,,,2097152,16.64739102125168,,,,,,,mnnvl,True,,,
point,comm_m2,P0-comm_m2-none-none-r0-818ea63a,flashinfer_mnnvl_fused_allreduce_rmsnorm_twoshot,,,2097152,12.99884170293808,,,,,,,mnnvl,False,,,
point,comm_m2,P0-comm_m2-none-none-r0-818ea63a,standard_allreduce__native_rms_norm,,,4194304,79.65192198753357,,,,,,,standard,,,,
point,comm_m2,P0-comm_m2-none-none-r0-818ea63a,standard_allreduce__custom_rms_norm,,,4194304,79.58132773637772,,,,,,,standard,,,,
point,comm_m2,P0-comm_m2-none-none-r0-818ea63a,standard_allreduce_rmsnorm_native_compiled,,,4194304,,,,,,,,standard,,,,
point,comm_m2,P0-comm_m2-none-none-r0-818ea63a,flashinfer_trtllm_fused_allreduce_rmsnorm_oneshot,,,4194304,19.481219351291656,,,,,,,trtllm,True,,,
point,comm_m2,P0-comm_m2-none-none-r0-818ea63a,flashinfer_trtllm_fused_allreduce_rmsnorm_twoshot,,,4194304,29.92488443851471,,,,,,,trtllm,False,,,
point,comm_m2,P0-comm_m2-none-none-r0-818ea63a,flashinfer_mnnvl_fused_allreduce_rmsnorm_oneshot,,,4194304,30.54887056350708,,,,,,,mnnvl,True,,,
point,comm_m2,P0-comm_m2-none-none-r0-818ea63a,flashinfer_mnnvl_fused_allreduce_rmsnorm_twoshot,,,4194304,21.45189791917801,,,,,,,mnnvl,False,,,
point,comm_m2,P0-comm_m2-none-none-r0-818ea63a,standard_allreduce__native_rms_norm,,,8388608,137.19797134399414,,,,,,,standard,,,,
point,comm_m2,P0-comm_m2-none-none-r0-818ea63a,standard_allreduce__custom_rms_norm,,,8388608,137.0944082736969,,,,,,,standard,,,,
point,comm_m2,P0-comm_m2-none-none-r0-818ea63a,standard_allreduce_rmsnorm_native_compiled,,,8388608,,,,,,,,standard,,,,
point,comm_m2,P0-comm_m2-none-none-r0-818ea63a,flashinfer_trtllm_fused_allreduce_rmsnorm_oneshot,,,8388608,45.840442180633545,,,,,,,trtllm,True,,,
point,comm_m2,P0-comm_m2-none-none-r0-818ea63a,flashinfer_trtllm_fused_allreduce_rmsnorm_twoshot,,,8388608,50.35344511270523,,,,,,,trtllm,False,,,
point,comm_m2,P0-comm_m2-none-none-r0-818ea63a,flashinfer_mnnvl_fused_allreduce_rmsnorm_oneshot,,,8388608,55.962614715099335,,,,,,,mnnvl,True,,,
point,comm_m2,P0-comm_m2-none-none-r0-818ea63a,flashinfer_mnnvl_fused_allreduce_rmsnorm_twoshot,,,8388608,43.44228655099869,,,,,,,mnnvl,False,,,
point,comm_m2,P0-comm_m2-none-none-r0-818ea63a,standard_allreduce__native_rms_norm,,,16777216,288.3199602365494,,,,,,,standard,,,,
point,comm_m2,P0-comm_m2-none-none-r0-818ea63a,standard_allreduce__custom_rms_norm,,,16777216,288.37453573942184,,,,,,,standard,,,,
point,comm_m2,P0-comm_m2-none-none-r0-818ea63a,standard_allreduce_rmsnorm_native_compiled,,,16777216,,,,,,,,standard,,,,
point,comm_m2,P0-comm_m2-none-none-r0-818ea63a,flashinfer_trtllm_fused_allreduce_rmsnorm_oneshot,,,16777216,95.384381711483,,,,,,,trtllm,True,,,
point,comm_m2,P0-comm_m2-none-none-r0-818ea63a,flashinfer_trtllm_fused_allreduce_rmsnorm_twoshot,,,16777216,100.78921914100647,,,,,,,trtllm,False,,,
point,comm_m2,P0-comm_m2-none-none-r0-818ea63a,flashinfer_mnnvl_fused_allreduce_rmsnorm_oneshot,,,16777216,103.64484041929245,,,,,,,mnnvl,True,,,
point,comm_m2,P0-comm_m2-none-none-r0-818ea63a,flashinfer_mnnvl_fused_allreduce_rmsnorm_twoshot,,,16777216,91.67399257421494,,,,,,,mnnvl,False,,,
point,comm_m2,P0-comm_m2-none-none-r0-818ea63a,standard_allreduce__native_rms_norm,,,33554432,564.5172670483589,,,,,,,standard,,,,
point,comm_m2,P0-comm_m2-none-none-r0-818ea63a,standard_allreduce__custom_rms_norm,,,33554432,570.4296752810478,,,,,,,standard,,,,
point,comm_m2,P0-comm_m2-none-none-r0-818ea63a,standard_allreduce_rmsnorm_native_compiled,,,33554432,,,,,,,,standard,,,,
point,comm_m2,P0-comm_m2-none-none-r0-818ea63a,flashinfer_trtllm_fused_allreduce_rmsnorm_oneshot,,,33554432,190.7825469970703,,,,,,,trtllm,True,,,
point,comm_m2,P0-comm_m2-none-none-r0-818ea63a,flashinfer_trtllm_fused_allreduce_rmsnorm_twoshot,,,33554432,195.75413316488266,,,,,,,trtllm,False,,,
point,comm_m2,P0-comm_m2-none-none-r0-818ea63a,flashinfer_mnnvl_fused_allreduce_rmsnorm_oneshot,,,33554432,194.05987113714218,,,,,,,mnnvl,True,,,
point,comm_m2,P0-comm_m2-none-none-r0-818ea63a,flashinfer_mnnvl_fused_allreduce_rmsnorm_twoshot,,,33554432,183.13322216272354,,,,,,,mnnvl,False,,,
point,comm_m2,P0-comm_m2-none-none-r0-818ea63a,standard_allreduce__native_rms_norm,,,67108864,1092.0722037553787,,,,,,,standard,,,,
point,comm_m2,P0-comm_m2-none-none-r0-818ea63a,standard_allreduce__custom_rms_norm,,,67108864,1101.5839874744415,,,,,,,standard,,,,
point,comm_m2,P0-comm_m2-none-none-r0-818ea63a,standard_allreduce_rmsnorm_native_compiled,,,67108864,,,,,,,,standard,,,,
point,comm_m2,P0-comm_m2-none-none-r0-818ea63a,flashinfer_trtllm_fused_allreduce_rmsnorm_oneshot,,,67108864,379.9028694629669,,,,,,,trtllm,True,,,
point,comm_m2,P0-comm_m2-none-none-r0-818ea63a,flashinfer_trtllm_fused_allreduce_rmsnorm_twoshot,,,67108864,377.3476928472519,,,,,,,trtllm,False,,,
point,comm_m2,P0-comm_m2-none-none-r0-818ea63a,flashinfer_mnnvl_fused_allreduce_rmsnorm_oneshot,,,67108864,374.92774426937103,,,,,,,mnnvl,True,,,
point,comm_m2,P0-comm_m2-none-none-r0-818ea63a,flashinfer_mnnvl_fused_allreduce_rmsnorm_twoshot,,,67108864,362.7980127930641,,,,,,,mnnvl,False,,,
point,comm_m3,P0-comm_m3-none-none-r0-9d62af24,torch_nccl,none:none,eager,2048,28.447999618947506,27.175999712198973,30.296000186353922,0.07199100208915744,0.07199100208915744,,,,,,,
point,comm_m3,P0-comm_m3-none-none-r0-9d62af24,torch_nccl,none:none,graph,2048,11.932799965143204,11.872000247240067,11.996399797499178,0.17162778274859167,0.17162778274859167,,,,,,,
point,comm_m3,P0-comm_m3-none-none-r0-9d62af24,torch_nccl,none:none,eager,4096,27.31199935078621,26.72000043094158,27.840000111609697,0.1499707124107738,0.1499707124107738,,,,,,,
point,comm_m3,P0-comm_m3-none-none-r0-9d62af24,torch_nccl,none:none,graph,4096,12.07840032875538,12.025600299239159,12.112400121986866,0.33911775471198286,0.33911775471198286,,,,,,,
point,comm_m3,P0-comm_m3-none-none-r0-9d62af24,torch_nccl,none:none,eager,8192,27.823999524116516,27.351999655365944,28.28799933195114,0.29442208669172687,0.29442208669172687,,,,,,,
point,comm_m3,P0-comm_m3-none-none-r0-9d62af24,torch_nccl,none:none,graph,8192,12.50000037252903,12.453199923038483,12.540799379348755,0.6553599804687505,0.6553599804687505,,,,,,,
point,comm_m3,P0-comm_m3-none-none-r0-9d62af24,torch_nccl,none:none,eager,16384,25.071999989449978,24.135999381542206,27.103999629616737,0.6534779836827619,0.6534779836827619,,,,,,,
point,comm_m3,P0-comm_m3-none-none-r0-9d62af24,torch_nccl,none:none,graph,16384,12.586399912834167,12.53880001604557,12.613600492477417,1.3017225031355848,1.3017225031355848,,,,,,,
point,comm_m3,P0-comm_m3-none-none-r0-9d62af24,torch_nccl,none:none,eager,32768,27.775999158620834,27.432000264525414,28.36799994111061,1.1797235380398476,1.1797235380398476,,,,,,,
point,comm_m3,P0-comm_m3-none-none-r0-9d62af24,torch_nccl,none:none,graph,32768,12.940800189971926,12.893600389361382,12.970399856567383,2.5321463525410546,2.5321463525410546,,,,,,,
point,comm_m3,P0-comm_m3-none-none-r0-9d62af24,torch_nccl,none:none,eager,65536,28.031999245285988,27.62399986386299,28.87200051918626,2.3378996063229733,2.3378996063229733,,,,,,,
point,comm_m3,P0-comm_m3-none-none-r0-9d62af24,torch_nccl,none:none,graph,65536,13.067999482154846,13.040400296449661,13.0987998098135,5.014998668273091,5.014998668273091,,,,,,,
point,comm_m3,P0-comm_m3-none-none-r0-9d62af24,torch_nccl,none:none,eager,131072,28.4000001847744,27.807999402284622,29.16800044476986,4.61521123757842,4.61521123757842,,,,,,,
point,comm_m3,P0-comm_m3-none-none-r0-9d62af24,torch_nccl,none:none,graph,131072,13.087199628353119,13.066000118851662,13.11199963092804,10.015282392119664,10.015282392119664,,,,,,,
point,comm_m3,P0-comm_m3-none-none-r0-9d62af24,torch_nccl,none:none,eager,262144,29.551999643445015,28.591999784111977,35.51999945193529,8.870601081580164,8.870601081580164,,,,,,,
point,comm_m3,P0-comm_m3-none-none-r0-9d62af24,torch_nccl,none:none,graph,262144,14.238400012254717,14.203599840402601,14.287199452519415,18.411057406336226,18.411057406336226,,,,,,,
point,comm_m3,P0-comm_m3-none-none-r0-9d62af24,torch_nccl,none:none,eager,524288,29.56799976527691,28.575999662280083,30.880000907927755,17.731601872362567,17.731601872362567,,,,,,,
point,comm_m3,P0-comm_m3-none-none-r0-9d62af24,torch_nccl,none:none,graph,524288,15.569599717855453,15.51400013267994,15.6188003718853,33.67382652739226,33.67382652739226,,,,,,,
point,comm_m3,P0-comm_m3-none-none-r0-9d62af24,torch_nccl,none:none,eager,1048576,28.672000393271446,28.152000159025192,29.4560007750988,36.57142806980683,36.57142806980683,,,,,,,
point,comm_m3,P0-comm_m3-none-none-r0-9d62af24,torch_nccl,none:none,graph,1048576,19.524799287319183,19.49639990925789,19.581199809908867,53.70482864226015,53.70482864226015,,,,,,,
point,comm_m3,P0-comm_m3-none-none-r0-9d62af24,torch_nccl,none:none,eager,2097152,31.168000772595406,30.944000929594043,31.392000615596775,67.28541927668103,67.28541927668103,,,,,,,
point,comm_m3,P0-comm_m3-none-none-r0-9d62af24,torch_nccl,none:none,graph,2097152,32.01839923858642,31.97519928216934,32.06319957971573,65.49834001297145,65.49834001297145,,,,,,,
point,comm_m3,P0-comm_m3-none-none-r0-9d62af24,torch_nccl,none:none,eager,4194304,60.94399839639664,59.567999094724655,64.68800082802773,68.82226487207296,68.82226487207296,,,,,,,
point,comm_m3,P0-comm_m3-none-none-r0-9d62af24,torch_nccl,none:none,graph,4194304,36.8831992149353,36.8367999792099,36.917999386787415,113.71855178716652,113.71855178716652,,,,,,,
point,comm_m3,P0-comm_m3-none-none-r0-9d62af24,torch_nccl,none:none,eager,8388608,74.99199733138084,73.64000193774699,77.29599997401237,111.86004238467906,111.86004238467906,,,,,,,
point,comm_m3,P0-comm_m3-none-none-r0-9d62af24,torch_nccl,none:none,graph,8388608,49.713599681854255,49.66279938817025,49.75799918174744,168.7386963262266,168.7386963262266,,,,,,,
point,comm_m3,P0-comm_m3-none-none-r0-9d62af24,torch_nccl,none:none,eager,16777216,104.04800251126291,102.62399911880493,107.76000097393991,161.2449599710856,161.2449599710856,,,,,,,
point,comm_m3,P0-comm_m3-none-none-r0-9d62af24,torch_nccl,none:none,graph,16777216,85.48640012741087,85.39400100708008,85.5355978012085,196.25596556873205,196.25596556873205,,,,,,,
point,comm_m3,P0-comm_m3-none-none-r0-9d62af24,torch_nccl,none:none,eager,33554432,142.17600226402283,140.9440003335476,143.64000037312508,236.0062982899811,236.0062982899811,,,,,,,
point,comm_m3,P0-comm_m3-none-none-r0-9d62af24,torch_nccl,none:none,graph,33554432,147.73200154304507,147.50040173530581,147.9136049747467,227.13042299249668,227.13042299249668,,,,,,,
point,comm_m3,P0-comm_m3-none-none-r0-9d62af24,torch_nccl,none:none,eager,67108864,253.8720071315765,253.25600057840347,255.00801205635068,264.3413299411892,264.3413299411892,,,,,,,
point,comm_m3,P0-comm_m3-none-none-r0-9d62af24,torch_nccl,none:none,graph,67108864,258.950400352478,258.80040526390076,259.2383921146393,259.1572127660462,259.1572127660462,,,,,,,
point,comm_m3,P0-comm_m3-none-none-r0-9d62af24,torch_nccl,none:none,eager,134217728,467.5680100917816,466.592013835907,469.3760126829147,287.05498473613204,287.05498473613204,,,,,,,
point,comm_m3,P0-comm_m3-none-none-r0-9d62af24,torch_nccl,none:none,graph,134217728,471.6439962387085,471.2715864181518,471.97359800338745,284.57423198507064,284.57423198507064,,,,,,,
point,comm_m3,P0-comm_m3-none-none-r0-9d62af24,torch_nccl,none:none,eager,268435456,887.4559998512269,883.671998977661,891.8559849262238,302.47748175120853,302.47748175120853,,,,,,,
point,comm_m3,P0-comm_m3-none-none-r0-9d62af24,torch_nccl,none:none,graph,268435456,889.844799041748,889.1828298568726,890.3320074081421,301.6654772709483,301.6654772709483,,,,,,,
point,comm_m1,P2-comm_m1-none-none-r0-23f1f424,ca_1stage,,graph,8192,4.812899976968765,,,,,,,,,,,
point,comm_m1,P2-comm_m1-none-none-r0-23f1f424,ca_2stage,,graph,8192,9.721161797642708,,,,,,,,,,,
point,comm_m1,P2-comm_m1-none-none-r0-23f1f424,pynccl,,graph,8192,6.8729761987924585,,,,,,,,,,,
point,comm_m1,P2-comm_m1-none-none-r0-23f1f424,pynccl-symm,,graph,8192,8.340120315551758,,,,,,,,,,,
point,comm_m1,P2-comm_m1-none-none-r0-23f1f424,symm_mem_multimem,,graph,8192,9.076537564396858,,,,,,,,,,,
point,comm_m1,P2-comm_m1-none-none-r0-23f1f424,symm_mem_two_shot,,graph,8192,10.00325009226799,,,,,,,,,,,
point,comm_m1,P2-comm_m1-none-none-r0-23f1f424,flashinfer_trtllm,,graph,8192,2.6216600090265274,,,,,,,,,,,
point,comm_m1,P2-comm_m1-none-none-r0-23f1f424,flashinfer_mnnvl,,graph,8192,3.048079088330269,,,,,,,,,,,
point,comm_m1,P2-comm_m1-none-none-r0-23f1f424,pynccl_ag,,graph,8192,6.2774065881967545,,,,,,,,,,,
point,comm_m1,P2-comm_m1-none-none-r0-23f1f424,ca_1stage,,graph,16384,4.850892350077629,,,,,,,,,,,
point,comm_m1,P2-comm_m1-none-none-r0-23f1f424,ca_2stage,,graph,16384,7.759170606732369,,,,,,,,,,,
point,comm_m1,P2-comm_m1-none-none-r0-23f1f424,pynccl,,graph,16384,7.024222984910011,,,,,,,,,,,
point,comm_m1,P2-comm_m1-none-none-r0-23f1f424,pynccl-symm,,graph,16384,8.495630696415901,,,,,,,,,,,
point,comm_m1,P2-comm_m1-none-none-r0-23f1f424,symm_mem_multimem,,graph,16384,9.231451898813248,,,,,,,,,,,
point,comm_m1,P2-comm_m1-none-none-r0-23f1f424,symm_mem_two_shot,,graph,16384,10.129034519195555,,,,,,,,,,,
point,comm_m1,P2-comm_m1-none-none-r0-23f1f424,flashinfer_trtllm,,graph,16384,2.669546753168106,,,,,,,,,,,
point,comm_m1,P2-comm_m1-none-none-r0-23f1f424,flashinfer_mnnvl,,graph,16384,3.0847657471895213,,,,,,,,,,,
point,comm_m1,P2-comm_m1-none-none-r0-23f1f424,pynccl_ag,,graph,16384,6.5560732036829,,,,,,,,,,,
point,comm_m1,P2-comm_m1-none-none-r0-23f1f424,pynccl_rs,,graph,16384,6.081487983465195,,,,,,,,,,,
point,comm_m1,P2-comm_m1-none-none-r0-23f1f424,ca_1stage,,graph,32768,4.890548065304756,,,,,,,,,,,
point,comm_m1,P2-comm_m1-none-none-r0-23f1f424,ca_2stage,,graph,32768,7.887424901127815,,,,,,,,,,,
point,comm_m1,P2-comm_m1-none-none-r0-23f1f424,pynccl,,graph,32768,7.28355348110199,,,,,,,,,,,
point,comm_m1,P2-comm_m1-none-none-r0-23f1f424,pynccl-symm,,graph,32768,8.638449013233185,,,,,,,,,,,
point,comm_m1,P2-comm_m1-none-none-r0-23f1f424,symm_mem_multimem,,graph,32768,9.5736850053072,,,,,,,,,,,
point,comm_m1,P2-comm_m1-none-none-r0-23f1f424,symm_mem_two_shot,,graph,32768,10.630002245306969,,,,,,,,,,,
point,comm_m1,P2-comm_m1-none-none-r0-23f1f424,flashinfer_trtllm,,graph,32768,2.6215221732854843,,,,,,,,,,,
point,comm_m1,P2-comm_m1-none-none-r0-23f1f424,flashinfer_mnnvl,,graph,32768,3.1313616782426834,,,,,,,,,,,
point,comm_m1,P2-comm_m1-none-none-r0-23f1f424,pynccl_ag,,graph,32768,6.625087931752205,,,,,,,,,,,
point,comm_m1,P2-comm_m1-none-none-r0-23f1f424,pynccl_rs,,graph,32768,6.2606651335954675,,,,,,,,,,,
point,comm_m1,P2-comm_m1-none-none-r0-23f1f424,ca_1stage,,graph,65536,5.002085119485855,,,,,,,,,,,
point,comm_m1,P2-comm_m1-none-none-r0-23f1f424,ca_2stage,,graph,65536,8.00233334302902,,,,,,,,,,,
point,comm_m1,P2-comm_m1-none-none-r0-23f1f424,pynccl,,graph,65536,7.259158417582512,,,,,,,,,,,
point,comm_m1,P2-comm_m1-none-none-r0-23f1f424,pynccl-symm,,graph,65536,8.863821625709534,,,,,,,,,,,
point,comm_m1,P2-comm_m1-none-none-r0-23f1f424,symm_mem_multimem,,graph,65536,9.758491069078445,,,,,,,,,,,
point,comm_m1,P2-comm_m1-none-none-r0-23f1f424,symm_mem_two_shot,,graph,65536,10.796507820487022,,,,,,,,,,,
point,comm_m1,P2-comm_m1-none-none-r0-23f1f424,flashinfer_trtllm,,graph,65536,2.746148034930229,,,,,,,,,,,
point,comm_m1,P2-comm_m1-none-none-r0-23f1f424,flashinfer_mnnvl,,graph,65536,3.3092349767684937,,,,,,,,,,,
point,comm_m1,P2-comm_m1-none-none-r0-23f1f424,pynccl_ag,,graph,65536,6.74591027200222,,,,,,,,,,,
point,comm_m1,P2-comm_m1-none-none-r0-23f1f424,pynccl_rs,,graph,65536,6.386226043105125,,,,,,,,,,,
point,comm_m1,P2-comm_m1-none-none-r0-23f1f424,ca_1stage,,graph,131072,5.133165046572685,,,,,,,,,,,
point,comm_m1,P2-comm_m1-none-none-r0-23f1f424,ca_2stage,,graph,131072,8.461548015475273,,,,,,,,,,,
point,comm_m1,P2-comm_m1-none-none-r0-23f1f424,pynccl,,graph,131072,7.49059021472931,,,,,,,,,,,
point,comm_m1,P2-comm_m1-none-none-r0-23f1f424,pynccl-symm,,graph,131072,9.035002440214157,,,,,,,,,,,
point,comm_m1,P2-comm_m1-none-none-r0-23f1f424,symm_mem_multimem,,graph,131072,9.93153266608715,,,,,,,,,,,
point,comm_m1,P2-comm_m1-none-none-r0-23f1f424,symm_mem_two_shot,,graph,131072,10.84580458700657,,,,,,,,,,,
point,comm_m1,P2-comm_m1-none-none-r0-23f1f424,flashinfer_trtllm,,graph,131072,3.021910786628723,,,,,,,,,,,
point,comm_m1,P2-comm_m1-none-none-r0-23f1f424,flashinfer_mnnvl,,graph,131072,3.69136594235897,,,,,,,,,,,
point,comm_m1,P2-comm_m1-none-none-r0-23f1f424,pynccl_ag,,graph,131072,7.504871115088463,,,,,,,,,,,
point,comm_m1,P2-comm_m1-none-none-r0-23f1f424,pynccl_rs,,graph,131072,6.498606875538825,,,,,,,,,,,
point,comm_m1,P2-comm_m1-none-none-r0-23f1f424,ca_1stage,,graph,262144,5.607057362794876,,,,,,,,,,,
point,comm_m1,P2-comm_m1-none-none-r0-23f1f424,ca_2stage,,graph,262144,8.941888809204102,,,,,,,,,,,
point,comm_m1,P2-comm_m1-none-none-r0-23f1f424,pynccl,,graph,262144,8.763020858168602,,,,,,,,,,,
point,comm_m1,P2-comm_m1-none-none-r0-23f1f424,pynccl-symm,,graph,262144,10.464822873473167,,,,,,,,,,,
point,comm_m1,P2-comm_m1-none-none-r0-23f1f424,symm_mem_multimem,,graph,262144,10.387467220425606,,,,,,,,,,,
point,comm_m1,P2-comm_m1-none-none-r0-23f1f424,symm_mem_two_shot,,graph,262144,11.193225160241127,,,,,,,,,,,
point,comm_m1,P2-comm_m1-none-none-r0-23f1f424,flashinfer_trtllm,,graph,262144,3.3596064895391464,,,,,,,,,,,
point,comm_m1,P2-comm_m1-none-none-r0-23f1f424,flashinfer_mnnvl,,graph,262144,4.5984163880348214,,,,,,,,,,,
point,comm_m1,P2-comm_m1-none-none-r0-23f1f424,pynccl_ag,,graph,262144,8.27944464981556,,,,,,,,,,,
point,comm_m1,P2-comm_m1-none-none-r0-23f1f424,pynccl_rs,,graph,262144,7.292535156011581,,,,,,,,,,,
point,comm_m1,P2-comm_m1-none-none-r0-23f1f424,ca_1stage,,graph,524288,6.680775433778763,,,,,,,,,,,
point,comm_m1,P2-comm_m1-none-none-r0-23f1f424,ca_2stage,,graph,524288,9.398162364959717,,,,,,,,,,,
point,comm_m1,P2-comm_m1-none-none-r0-23f1f424,pynccl,,graph,524288,10.459985584020615,,,,,,,,,,,
point,comm_m1,P2-comm_m1-none-none-r0-23f1f424,pynccl-symm,,graph,524288,12.111160904169083,,,,,,,,,,,
point,comm_m1,P2-comm_m1-none-none-r0-23f1f424,symm_mem_multimem,,graph,524288,12.119341641664505,,,,,,,,,,,
point,comm_m1,P2-comm_m1-none-none-r0-23f1f424,symm_mem_two_shot,,graph,524288,12.182235717773438,,,,,,,,,,,
point,comm_m1,P2-comm_m1-none-none-r0-23f1f424,flashinfer_trtllm,,graph,524288,4.214780405163765,,,,,,,,,,,
point,comm_m1,P2-comm_m1-none-none-r0-23f1f424,flashinfer_mnnvl,,graph,524288,5.659939721226692,,,,,,,,,,,
point,comm_m1,P2-comm_m1-none-none-r0-23f1f424,pynccl_ag,,graph,524288,11.024435982108116,,,,,,,,,,,
point,comm_m1,P2-comm_m1-none-none-r0-23f1f424,pynccl_rs,,graph,524288,8.21710005402565,,,,,,,,,,,
point,comm_m1,P2-comm_m1-none-none-r0-23f1f424,ca_1stage,,graph,1048576,8.730961009860037,,,,,,,,,,,
point,comm_m1,P2-comm_m1-none-none-r0-23f1f424,ca_2stage,,graph,1048576,11.60610094666481,,,,,,,,,,,
point,comm_m1,P2-comm_m1-none-none-r0-23f1f424,pynccl,,graph,1048576,14.02492821216583,,,,,,,,,,,
point,comm_m1,P2-comm_m1-none-none-r0-23f1f424,pynccl-symm,,graph,1048576,15.99862053990364,,,,,,,,,,,
point,comm_m1,P2-comm_m1-none-none-r0-23f1f424,symm_mem_multimem,,graph,1048576,15.088006854057312,,,,,,,,,,,
point,comm_m1,P2-comm_m1-none-none-r0-23f1f424,symm_mem_two_shot,,graph,1048576,14.555273577570915,,,,,,,,,,,
point,comm_m1,P2-comm_m1-none-none-r0-23f1f424,flashinfer_trtllm,,graph,1048576,5.836520344018936,,,,,,,,,,,
point,comm_m1,P2-comm_m1-none-none-r0-23f1f424,flashinfer_mnnvl,,graph,1048576,6.694238632917404,,,,,,,,,,,
point,comm_m1,P2-comm_m1-none-none-r0-23f1f424,pynccl_ag,,graph,1048576,16.2755697965622,,,,,,,,,,,
point,comm_m1,P2-comm_m1-none-none-r0-23f1f424,pynccl_rs,,graph,1048576,10.260427370667458,,,,,,,,,,,
point,comm_m1,P2-comm_m1-none-none-r0-23f1f424,ca_1stage,,graph,2097152,12.778740376234055,,,,,,,,,,,
point,comm_m1,P2-comm_m1-none-none-r0-23f1f424,ca_2stage,,graph,2097152,15.9168541431427,,,,,,,,,,,
point,comm_m1,P2-comm_m1-none-none-r0-23f1f424,pynccl,,graph,2097152,27.895160019397736,,,,,,,,,,,
point,comm_m1,P2-comm_m1-none-none-r0-23f1f424,pynccl-symm,,graph,2097152,29.931874945759773,,,,,,,,,,,
point,comm_m1,P2-comm_m1-none-none-r0-23f1f424,symm_mem_multimem,,graph,2097152,21.06353454291821,,,,,,,,,,,
point,comm_m1,P2-comm_m1-none-none-r0-23f1f424,symm_mem_two_shot,,graph,2097152,17.845131456851963,,,,,,,,,,,
point,comm_m1,P2-comm_m1-none-none-r0-23f1f424,flashinfer_trtllm,,graph,2097152,9.252481162548065,,,,,,,,,,,
point,comm_m1,P2-comm_m1-none-none-r0-23f1f424,flashinfer_mnnvl,,graph,2097152,11.24870777130127,,,,,,,,,,,
point,comm_m1,P2-comm_m1-none-none-r0-23f1f424,pynccl_ag,,graph,2097152,26.990221813321114,,,,,,,,,,,
point,comm_m1,P2-comm_m1-none-none-r0-23f1f424,pynccl_rs,,graph,2097152,15.136634930968285,,,,,,,,,,,
point,comm_m1,P2-comm_m1-none-none-r0-23f1f424,ca_1stage,,graph,4194304,20.20650915801525,,,,,,,,,,,
point,comm_m1,P2-comm_m1-none-none-r0-23f1f424,ca_2stage,,graph,4194304,24.25624616444111,,,,,,,,,,,
point,comm_m1,P2-comm_m1-none-none-r0-23f1f424,pynccl,,graph,4194304,32.600849866867065,,,,,,,,,,,
point,comm_m1,P2-comm_m1-none-none-r0-23f1f424,pynccl-symm,,graph,4194304,35.12079268693925,,,,,,,,,,,
point,comm_m1,P2-comm_m1-none-none-r0-23f1f424,symm_mem_multimem,,graph,4194304,32.92755410075187,,,,,,,,,,,
point,comm_m1,P2-comm_m1-none-none-r0-23f1f424,symm_mem_two_shot,,graph,4194304,26.090141385793686,,,,,,,,,,,
point,comm_m1,P2-comm_m1-none-none-r0-23f1f424,flashinfer_trtllm,,graph,4194304,17.198532819747925,,,,,,,,,,,
point,comm_m1,P2-comm_m1-none-none-r0-23f1f424,flashinfer_mnnvl,,graph,4194304,19.632505252957348,,,,,,,,,,,
point,comm_m1,P2-comm_m1-none-none-r0-23f1f424,pynccl_ag,,graph,4194304,35.6727261096239,,,,,,,,,,,
point,comm_m1,P2-comm_m1-none-none-r0-23f1f424,pynccl_rs,,graph,4194304,23.59369583427906,,,,,,,,,,,
point,comm_m1,P2-comm_m1-none-none-r0-23f1f424,ca_1stage,,graph,8388608,34.831155091524124,,,,,,,,,,,
point,comm_m1,P2-comm_m1-none-none-r0-23f1f424,ca_2stage,,graph,8388608,40.07961228489876,,,,,,,,,,,
point,comm_m1,P2-comm_m1-none-none-r0-23f1f424,pynccl,,graph,8388608,47.091446816921234,,,,,,,,,,,
point,comm_m1,P2-comm_m1-none-none-r0-23f1f424,pynccl-symm,,graph,8388608,53.71669679880142,,,,,,,,,,,
point,comm_m1,P2-comm_m1-none-none-r0-23f1f424,symm_mem_multimem,,graph,8388608,56.623866781592376,,,,,,,,,,,
point,comm_m1,P2-comm_m1-none-none-r0-23f1f424,symm_mem_two_shot,,graph,8388608,41.932929307222366,,,,,,,,,,,
point,comm_m1,P2-comm_m1-none-none-r0-23f1f424,flashinfer_trtllm,,graph,8388608,38.15300576388836,,,,,,,,,,,
point,comm_m1,P2-comm_m1-none-none-r0-23f1f424,flashinfer_mnnvl,,graph,8388608,39.3173061311245,,,,,,,,,,,
point,comm_m1,P2-comm_m1-none-none-r0-23f1f424,pynccl_ag,,graph,8388608,54.47040870785713,,,,,,,,,,,
point,comm_m1,P2-comm_m1-none-none-r0-23f1f424,pynccl_rs,,graph,8388608,33.63368101418018,,,,,,,,,,,
point,comm_m1,P2-comm_m1-none-none-r0-23f1f424,ca_1stage,,graph,16777216,67.5235241651535,,,,,,,,,,,
point,comm_m1,P2-comm_m1-none-none-r0-23f1f424,ca_2stage,,graph,16777216,77.88678258657455,,,,,,,,,,,
point,comm_m1,P2-comm_m1-none-none-r0-23f1f424,pynccl,,graph,16777216,79.70773056149483,,,,,,,,,,,
point,comm_m1,P2-comm_m1-none-none-r0-23f1f424,pynccl-symm,,graph,16777216,93.7390197068453,,,,,,,,,,,
point,comm_m1,P2-comm_m1-none-none-r0-23f1f424,symm_mem_multimem,,graph,16777216,111.51284351944923,,,,,,,,,,,
point,comm_m1,P2-comm_m1-none-none-r0-23f1f424,symm_mem_two_shot,,graph,16777216,81.12438954412937,,,,,,,,,,,
point,comm_m1,P2-comm_m1-none-none-r0-23f1f424,flashinfer_trtllm,,graph,16777216,80.42598888278006,,,,,,,,,,,
point,comm_m1,P2-comm_m1-none-none-r0-23f1f424,flashinfer_mnnvl,,graph,16777216,73.57311062514782,,,,,,,,,,,
point,comm_m1,P2-comm_m1-none-none-r0-23f1f424,pynccl_ag,,graph,16777216,91.21416695415974,,,,,,,,,,,
point,comm_m1,P2-comm_m1-none-none-r0-23f1f424,pynccl_rs,,graph,16777216,51.950374618172646,,,,,,,,,,,
point,comm_m1,P2-comm_m1-none-none-r0-23f1f424,ca_1stage,,graph,33554432,124.8400490731001,,,,,,,,,,,
point,comm_m1,P2-comm_m1-none-none-r0-23f1f424,ca_2stage,,graph,33554432,165.30169919133186,,,,,,,,,,,
point,comm_m1,P2-comm_m1-none-none-r0-23f1f424,pynccl,,graph,33554432,141.05966314673424,,,,,,,,,,,
point,comm_m1,P2-comm_m1-none-none-r0-23f1f424,pynccl-symm,,graph,33554432,165.70019349455833,,,,,,,,,,,
point,comm_m1,P2-comm_m1-none-none-r0-23f1f424,symm_mem_multimem,,graph,33554432,228.8526389747858,,,,,,,,,,,
point,comm_m1,P2-comm_m1-none-none-r0-23f1f424,symm_mem_two_shot,,graph,33554432,155.37909232079983,,,,,,,,,,,
point,comm_m1,P2-comm_m1-none-none-r0-23f1f424,flashinfer_trtllm,,graph,33554432,157.16246888041496,,,,,,,,,,,
point,comm_m1,P2-comm_m1-none-none-r0-23f1f424,flashinfer_mnnvl,,graph,33554432,141.12119935452938,,,,,,,,,,,
point,comm_m1,P2-comm_m1-none-none-r0-23f1f424,pynccl_ag,,graph,33554432,158.373424783349,,,,,,,,,,,
point,comm_m1,P2-comm_m1-none-none-r0-23f1f424,pynccl_rs,,graph,33554432,94.53296288847923,,,,,,,,,,,
point,comm_m1,P2-comm_m1-none-none-r0-23f1f424,ca_1stage,,graph,67108864,244.23694051802158,,,,,,,,,,,
point,comm_m1,P2-comm_m1-none-none-r0-23f1f424,ca_2stage,,graph,67108864,322.7161113172769,,,,,,,,,,,
point,comm_m1,P2-comm_m1-none-none-r0-23f1f424,pynccl,,graph,67108864,251.94955617189402,,,,,,,,,,,
point,comm_m1,P2-comm_m1-none-none-r0-23f1f424,pynccl-symm,,graph,67108864,298.67138527333736,,,,,,,,,,,
point,comm_m1,P2-comm_m1-none-none-r0-23f1f424,symm_mem_multimem,,graph,67108864,457.28074200451374,,,,,,,,,,,
point,comm_m1,P2-comm_m1-none-none-r0-23f1f424,symm_mem_two_shot,,graph,67108864,306.3585478812456,,,,,,,,,,,
point,comm_m1,P2-comm_m1-none-none-r0-23f1f424,flashinfer_trtllm,,graph,67108864,312.1069259941578,,,,,,,,,,,
point,comm_m1,P2-comm_m1-none-none-r0-23f1f424,flashinfer_mnnvl,,graph,67108864,276.8444493412972,,,,,,,,,,,
point,comm_m1,P2-comm_m1-none-none-r0-23f1f424,pynccl_ag,,graph,67108864,289.80291262269026,,,,,,,,,,,
point,comm_m1,P2-comm_m1-none-none-r0-23f1f424,pynccl_rs,,graph,67108864,167.32718236744404,,,,,,,,,,,
point,comm_m3,P2-comm_m3-none-none-r0-d6e13031,torch_nccl,ring:LL,eager,2048,27.408000081777573,25.784000288695097,28.192000463604927,0.07472270847523928,0.07472270847523928,ring,LL,,,,,
point,comm_m3,P2-comm_m3-none-none-r0-d6e13031,torch_nccl,ring:LL,graph,2048,11.894399672746658,11.858799867331982,11.946399696171284,0.17218187183440048,0.17218187183440048,ring,LL,,,,,
point,comm_m3,P2-comm_m3-none-none-r0-d6e13031,torch_nccl,ring:LL,eager,4096,24.304000660777092,24.000000208616257,24.927999824285507,0.16853192431854694,0.16853192431854694,ring,LL,,,,,
point,comm_m3,P2-comm_m3-none-none-r0-d6e13031,torch_nccl,ring:LL,graph,4096,12.04800009727478,12.00999990105629,12.076000310480595,0.33997343683010944,0.33997343683010944,ring,LL,,,,,
point,comm_m3,P2-comm_m3-none-none-r0-d6e13031,torch_nccl,ring:LL,eager,8192,24.224000051617622,23.93599972128868,24.447999894618988,0.3381770138104403,0.3381770138104403,ring,LL,,,,,
point,comm_m3,P2-comm_m3-none-none-r0-d6e13031,torch_nccl,ring:LL,graph,8192,12.464000284671785,12.42679990828037,12.510799989104273,0.6572528733070164,0.6572528733070164,ring,LL,,,,,
point,comm_m3,P2-comm_m3-none-none-r0-d6e13031,torch_nccl,ring:LL,eager,16384,25.919999927282333,25.127999484539032,35.680001601576805,0.6320987672054301,0.6320987672054301,ring,LL,,,,,
point,comm_m3,P2-comm_m3-none-none-r0-d6e13031,torch_nccl,ring:LL,graph,16384,12.552000582218168,12.493999861180782,12.613600492477417,1.3052899330813008,1.3052899330813008,ring,LL,,,,,
point,comm_m3,P2-comm_m3-none-none-r0-d6e13031,torch_nccl,ring:LL,eager,32768,30.33600002527237,29.52800039201975,31.74399957060814,1.080168775471439,1.080168775471439,ring,LL,,,,,
point,comm_m3,P2-comm_m3-none-none-r0-d6e13031,torch_nccl,ring:LL,graph,32768,12.917599827051163,12.885599955916407,12.951200082898142,2.5366941567100936,2.5366941567100936,ring,LL,,,,,
point,comm_m3,P2-comm_m3-none-none-r0-d6e13031,torch_nccl,ring:LL,eager,65536,27.8719998896122,27.432000264525414,28.87200005352497,2.351320330782042,2.351320330782042,ring,LL,,,,,
point,comm_m3,P2-comm_m3-none-none-r0-d6e13031,torch_nccl,ring:LL,graph,65536,13.023199886083603,12.993999570608137,13.055599853396416,5.032250182232923,5.032250182232923,ring,LL,,,,,
point,comm_m3,P2-comm_m3-none-none-r0-d6e13031,torch_nccl,ring:LL,eager,131072,32.80000016093254,32.45600126683711,33.91200117766857,3.9960975413688367,3.9960975413688367,ring,LL,,,,,
point,comm_m3,P2-comm_m3-none-none-r0-d6e13031,torch_nccl,ring:LL,graph,131072,13.077600300312042,13.052399829030037,13.103600591421127,10.022633892310695,10.022633892310695,ring,LL,,,,,
point,comm_m3,P2-comm_m3-none-none-r0-d6e13031,torch_nccl,ring:LL,eager,262144,32.15999901294708,31.84800036251545,32.607998698949814,8.151244031272054,8.151244031272054,ring,LL,,,,,
point,comm_m3,P2-comm_m3-none-none-r0-d6e13031,torch_nccl,ring:LL,graph,262144,14.215199649333952,14.194400236010553,14.235199987888336,18.441105750652095,18.441105750652095,ring,LL,,,,,
point,comm_m3,P2-comm_m3-none-none-r0-d6e13031,torch_nccl,ring:LL,eager,524288,33.47199968993664,32.175999134778976,35.68799979984761,15.663480068614703,15.663480068614703,ring,LL,,,,,
point,comm_m3,P2-comm_m3-none-none-r0-d6e13031,torch_nccl,ring:LL,graph,524288,15.536800026893617,15.48440009355545,15.58399945497513,33.74491523946225,33.74491523946225,ring,LL,,,,,
point,comm_m3,P2-comm_m3-none-none-r0-d6e13031,torch_nccl,ring:LL,eager,1048576,33.07199850678444,32.328000292181976,34.471998922526836,31.705855326066658,31.705855326066658,ring,LL,,,,,
point,comm_m3,P2-comm_m3-none-none-r0-d6e13031,torch_nccl,ring:LL,graph,1048576,19.475199282169342,19.443200528621677,19.505600631237026,53.84160566511025,53.84160566511025,ring,LL,,,,,
point,comm_m3,P2-comm_m3-none-none-r0-d6e13031,torch_nccl,ring:LL,eager,2097152,45.1200008392334,44.56000030040741,46.74399923533201,46.4794317595946,46.4794317595946,ring,LL,,,,,
point,comm_m3,P2-comm_m3-none-none-r0-d6e13031,torch_nccl,ring:LL,graph,2097152,27.47040092945099,27.448398619890213,27.495601028203964,76.34224216042094,76.34224216042094,ring,LL,,,,,
point,comm_m3,P2-comm_m3-none-none-r0-d6e13031,torch_nccl,ring:LL,eager,4194304,64.44799900054932,62.92000226676464,65.86400233209133,65.08043795066857,65.08043795066857,ring,LL,,,,,
point,comm_m3,P2-comm_m3-none-none-r0-d6e13031,torch_nccl,ring:LL,graph,4194304,42.65200048685074,42.62960031628609,42.70160049200058,98.33780249751872,98.33780249751872,ring,LL,,,,,
point,comm_m3,P2-comm_m3-none-none-r0-d6e13031,torch_nccl,ring:LL,eager,8388608,74.3199996650219,73.69600236415863,74.80800338089466,112.87147521272165,112.87147521272165,ring,LL,,,,,
point,comm_m3,P2-comm_m3-none-none-r0-d6e13031,torch_nccl,ring:LL,graph,8388608,72.83760011196136,72.78600037097932,72.87960052490236,115.16864898219546,115.16864898219546,ring,LL,,,,,
point,comm_m3,P2-comm_m3-none-none-r0-d6e13031,torch_nccl,ring:LL,eager,16777216,134.15999710559845,132.9920031130314,134.68000292778015,125.05378922149582,125.05378922149582,ring,LL,,,,,
point,comm_m3,P2-comm_m3-none-none-r0-d6e13031,torch_nccl,ring:LL,graph,16777216,133.31920504570007,133.14040005207062,133.4675967693329,125.8424545379564,125.8424545379564,ring,LL,,,,,
point,comm_m3,P2-comm_m3-none-none-r0-d6e13031,torch_nccl,ring:LL,eager,33554432,302.2399991750717,301.2800067663193,302.72001028060913,111.01916388162668,111.01916388162668,ring,LL,,,,,
point,comm_m3,P2-comm_m3-none-none-r0-d6e13031,torch_nccl,ring:LL,graph,33554432,303.6999940872193,303.601998090744,303.84440422058105,110.48545490048163,110.48545490048163,ring,LL,,,,,
point,comm_m3,P2-comm_m3-none-none-r0-d6e13031,torch_nccl,ring:LL,eager,67108864,605.7279706001282,604.8959940671921,606.5279841423035,110.7904327639213,110.7904327639213,ring,LL,,,,,
point,comm_m3,P2-comm_m3-none-none-r0-d6e13031,torch_nccl,ring:LL,graph,67108864,609.3168020248412,609.1196179389954,609.4972133636475,110.13788521338698,110.13788521338698,ring,LL,,,,,
point,comm_m3,P2-comm_m3-none-none-r0-d6e13031,torch_nccl,ring:LL,eager,134217728,1199.4079947471619,1197.9680359363556,1200.5040049552915,111.90331279081846,111.90331279081846,ring,LL,,,,,
point,comm_m3,P2-comm_m3-none-none-r0-d6e13031,torch_nccl,ring:LL,graph,134217728,1202.8071880340576,1202.4327993392944,1203.125977516174,111.58706843062166,111.58706843062166,ring,LL,,,,,
point,comm_m3,P2-comm_m3-none-none-r0-d6e13031,torch_nccl,ring:LL,eager,268435456,2388.880014419555,2386.9600296020503,2390.4318809509277,112.36874785660754,112.36874785660754,ring,LL,,,,,
point,comm_m3,P2-comm_m3-none-none-r0-d6e13031,torch_nccl,ring:LL,graph,268435456,2393.022346496582,2392.8148746490483,2393.218755722046,112.17423706594016,112.17423706594016,ring,LL,,,,,
point,comm_m3,P2-comm_m3-none-none-r0-f8c7571a,torch_nccl,ring:LL128,eager,2048,25.439999997615814,23.99199968203902,27.39199949428439,0.08050314466163264,0.08050314466163264,ring,LL128,,,,,
point,comm_m3,P2-comm_m3-none-none-r0-f8c7571a,torch_nccl,ring:LL128,graph,2048,16.32639989256859,16.282000392675403,16.37360043823719,0.12544100435345845,0.12544100435345845,ring,LL128,,,,,
point,comm_m3,P2-comm_m3-none-none-r0-f8c7571a,torch_nccl,ring:LL128,eager,4096,23.66399951279163,23.296000435948372,24.01600033044815,0.17308992918909996,0.17308992918909996,ring,LL128,,,,,
point,comm_m3,P2-comm_m3-none-none-r0-f8c7571a,torch_nccl,ring:LL128,graph,4096,16.228000074625015,16.177600249648098,16.29559956490993,0.25240325247500633,0.25240325247500633,ring,LL128,,,,,
point,comm_m3,P2-comm_m3-none-none-r0-f8c7571a,torch_nccl,ring:LL128,eager,8192,28.144000098109245,27.94400043785572,28.575999662280083,0.29107447311835216,0.29107447311835216,ring,LL128,,,,,
point,comm_m3,P2-comm_m3-none-none-r0-f8c7571a,torch_nccl,ring:LL128,graph,8192,19.789600372314453,19.739999994635582,19.8256004601717,0.4139547967558033,0.4139547967558033,ring,LL128,,,,,
point,comm_m3,P2-comm_m3-none-none-r0-f8c7571a,torch_nccl,ring:LL128,eager,16384,33.99999998509884,33.67199935019016,34.3920011073351,0.48188235315237077,0.48188235315237077,ring,LL128,,,,,
point,comm_m3,P2-comm_m3-none-none-r0-f8c7571a,torch_nccl,ring:LL128,graph,16384,20.024000108242035,19.990399479866028,20.074000209569927,0.8182181338111468,0.8182181338111468,ring,LL128,,,,,
point,comm_m3,P2-comm_m3-none-none-r0-f8c7571a,torch_nccl,ring:LL128,eager,32768,33.647999167442315,33.08799862861633,37.20800019800663,0.9738469094978521,0.9738469094978521,ring,LL128,,,,,
point,comm_m3,P2-comm_m3-none-none-r0-f8c7571a,torch_nccl,ring:LL128,graph,32768,20.238400250673294,20.192400366067883,20.281199738383293,1.6191003040820813,1.6191003040820813,ring,LL128,,,,,
point,comm_m3,P2-comm_m3-none-none-r0-f8c7571a,torch_nccl,ring:LL128,eager,65536,47.29599878191948,46.751998364925385,50.55199936032295,1.3856563279736338,1.3856563279736338,ring,LL128,,,,,
point,comm_m3,P2-comm_m3-none-none-r0-f8c7571a,torch_nccl,ring:LL128,graph,65536,20.847199857234955,20.81120014190674,20.870399475097656,3.143635617675337,3.143635617675337,ring,LL128,,,,,
point,comm_m3,P2-comm_m3-none-none-r0-f8c7571a,torch_nccl,ring:LL128,eager,131072,52.70399898290634,52.07200162112713,53.36800031363964,2.4869460103494423,2.4869460103494423,ring,LL128,,,,,
point,comm_m3,P2-comm_m3-none-none-r0-f8c7571a,torch_nccl,ring:LL128,graph,131072,20.788799971342083,20.759599655866623,20.8368007093668,6.304933434382275,6.304933434382275,ring,LL128,,,,,
point,comm_m3,P2-comm_m3-none-none-r0-f8c7571a,torch_nccl,ring:LL128,eager,262144,54.56000007688999,53.70399914681911,56.10399879515172,4.804692075340309,4.804692075340309,ring,LL128,,,,,
point,comm_m3,P2-comm_m3-none-none-r0-f8c7571a,torch_nccl,ring:LL128,graph,262144,20.852799713611606,20.816799998283383,20.907999947667122,12.571165675604043,12.571165675604043,ring,LL128,,,,,
point,comm_m3,P2-comm_m3-none-none-r0-f8c7571a,torch_nccl,ring:LL128,eager,524288,53.44000086188316,52.647998556494706,54.207999259233475,9.810778284885018,9.810778284885018,ring,LL128,,,,,
point,comm_m3,P2-comm_m3-none-none-r0-f8c7571a,torch_nccl,ring:LL128,graph,524288,21.794399619102478,21.766399964690212,21.82679995894432,24.056088222795964,24.056088222795964,ring,LL128,,,,,
point,comm_m3,P2-comm_m3-none-none-r0-f8c7571a,torch_nccl,ring:LL128,eager,1048576,78.19199934601782,77.73600332438946,81.18399977684021,13.410272262764463,13.410272262764463,ring,LL128,,,,,
point,comm_m3,P2-comm_m3-none-none-r0-f8c7571a,torch_nccl,ring:LL128,graph,1048576,22.99600020051003,22.95680046081543,23.045600205659866,45.598190592151056,45.598190592151056,ring,LL128,,,,,
point,comm_m3,P2-comm_m3-none-none-r0-f8c7571a,torch_nccl,ring:LL128,eager,2097152,68.80000233650208,68.19999776780605,71.8000028282404,30.481859429928374,30.481859429928374,ring,LL128,,,,,
point,comm_m3,P2-comm_m3-none-none-r0-f8c7571a,torch_nccl,ring:LL128,graph,2097152,28.09439897537231,28.059599548578262,28.157199919223782,74.64662268939705,74.64662268939705,ring,LL128,,,,,
point,comm_m3,P2-comm_m3-none-none-r0-f8c7571a,torch_nccl,ring:LL128,eager,4194304,69.04000043869019,67.8160022944212,70.52800059318542,60.75179567422919,60.75179567422919,ring,LL128,,,,,
point,comm_m3,P2-comm_m3-none-none-r0-f8c7571a,torch_nccl,ring:LL128,graph,4194304,38.024799525737755,37.96279951930046,38.09479922056198,110.30443427219153,110.30443427219153,ring,LL128,,,,,
point,comm_m3,P2-comm_m3-none-none-r0-f8c7571a,torch_nccl,ring:LL128,eager,8388608,90.55999666452408,89.42400291562079,92.51999855041504,92.63039210431143,92.63039210431143,ring,LL128,,,,,
point,comm_m3,P2-comm_m3-none-none-r0-f8c7571a,torch_nccl,ring:LL128,graph,8388608,55.451202392578125,55.34720122814178,55.549201369285576,151.2791001466683,151.2791001466683,ring,LL128,,,,,
point,comm_m3,P2-comm_m3-none-none-r0-f8c7571a,torch_nccl,ring:LL128,eager,16777216,128.67199629545215,125.35199522972107,134.1199949383736,130.38746955846355,130.38746955846355,ring,LL128,,,,,
point,comm_m3,P2-comm_m3-none-none-r0-f8c7571a,torch_nccl,ring:LL128,graph,16777216,91.99199974536896,91.86079949140549,92.10639894008636,182.3769028441475,182.3769028441475,ring,LL128,,,,,
point,comm_m3,P2-comm_m3-none-none-r0-f8c7571a,torch_nccl,ring:LL128,eager,33554432,158.2079976797104,157.6320007443428,159.15999934077263,212.09061799726726,212.09061799726726,ring,LL128,,,,,
point,comm_m3,P2-comm_m3-none-none-r0-f8c7571a,torch_nccl,ring:LL128,graph,33554432,162.76800036430356,162.62799501419067,162.8907948732376,206.14882486053307,206.14882486053307,ring,LL128,,,,,
point,comm_m3,P2-comm_m3-none-none-r0-f8c7571a,torch_nccl,ring:LL128,eager,67108864,280.38400411605835,279.00800108909607,281.19999915361404,239.3462644617268,239.3462644617268,ring,LL128,,,,,
point,comm_m3,P2-comm_m3-none-none-r0-f8c7571a,torch_nccl,ring:LL128,graph,67108864,284.23359394073486,284.0303957462311,284.40959453582764,236.10461757730428,236.10461757730428,ring,LL128,,,,,
point,comm_m3,P2-comm_m3-none-none-r0-f8c7571a,torch_nccl,ring:LL128,eager,134217728,525.8239805698395,524.0239948034286,528.895989060402,255.25220027916419,255.25220027916419,ring,LL128,,,,,
point,comm_m3,P2-comm_m3-none-none-r0-f8c7571a,torch_nccl,ring:LL128,graph,134217728,527.2991895675659,526.7712116241455,527.8972029685974,254.5380889169789,254.5380889169789,ring,LL128,,,,,
point,comm_m3,P2-comm_m3-none-none-r0-f8c7571a,torch_nccl,ring:LL128,eager,268435456,978.3839881420135,968.4559851884842,983.6560189723969,274.36615812751455,274.36615812751455,ring,LL128,,,,,
point,comm_m3,P2-comm_m3-none-none-r0-f8c7571a,torch_nccl,ring:LL128,graph,268435456,979.8376083374025,978.6884069442749,981.766414642334,273.95912722260556,273.95912722260556,ring,LL128,,,,,
point,comm_m3,P2-comm_m3-none-none-r0-33cc249b,torch_nccl,ring:Simple,eager,2048,26.832000352442265,26.159999892115593,27.287999633699652,0.07632677299862922,0.07632677299862922,ring,Simple,,,,,
point,comm_m3,P2-comm_m3-none-none-r0-33cc249b,torch_nccl,ring:Simple,graph,2048,20.283200591802597,20.252799615263942,20.342400670051575,0.100970258156777,0.100970258156777,ring,Simple,,,,,
point,comm_m3,P2-comm_m3-none-none-r0-33cc249b,torch_nccl,ring:Simple,eager,4096,26.639999821782112,26.311999186873436,27.11999975144863,0.15375375478234493,0.15375375478234493,ring,Simple,,,,,
point,comm_m3,P2-comm_m3-none-none-r0-33cc249b,torch_nccl,ring:Simple,graph,4096,20.924799889326096,20.838800445199013,20.98359987139702,0.19574858644595217,0.19574858644595217,ring,Simple,,,,,
point,comm_m3,P2-comm_m3-none-none-r0-33cc249b,torch_nccl,ring:Simple,eager,8192,26.575999334454536,26.28000034019351,26.944000273942947,0.3082480510668683,0.3082480510668683,ring,Simple,,,,,
point,comm_m3,P2-comm_m3-none-none-r0-33cc249b,torch_nccl,ring:Simple,graph,8192,20.872000604867935,20.84039971232414,20.924400538206104,0.39248753174573003,0.39248753174573003,ring,Simple,,,,,
point,comm_m3,P2-comm_m3-none-none-r0-33cc249b,torch_nccl,ring:Simple,eager,16384,28.144000098109245,27.135999873280525,30.079999938607216,0.5821489462367043,0.5821489462367043,ring,Simple,,,,,
point,comm_m3,P2-comm_m3-none-none-r0-33cc249b,torch_nccl,ring:Simple,graph,16384,22.24080041050911,22.153999656438828,22.299200296401978,0.7366641351746638,0.7366641351746638,ring,Simple,,,,,
point,comm_m3,P2-comm_m3-none-none-r0-33cc249b,torch_nccl,ring:Simple,eager,32768,27.263999916613102,26.847999542951584,28.04799983277917,1.2018779379482423,1.2018779379482423,ring,Simple,,,,,
point,comm_m3,P2-comm_m3-none-none-r0-33cc249b,torch_nccl,ring:Simple,graph,32768,25.307999551296234,25.271199643611908,25.373201072216034,1.2947684756190727,1.2947684756190727,ring,Simple,,,,,
point,comm_m3,P2-comm_m3-none-none-r0-33cc249b,torch_nccl,ring:Simple,eager,65536,27.135999873280525,26.176000013947487,27.96800062060356,2.4150943509006297,2.4150943509006297,ring,Simple,,,,,
point,comm_m3,P2-comm_m3-none-none-r0-33cc249b,torch_nccl,ring:Simple,graph,65536,25.803999602794647,25.733600556850433,25.906800478696823,2.539761316416323,2.539761316416323,ring,Simple,,,,,
point,comm_m3,P2-comm_m3-none-none-r0-33cc249b,torch_nccl,ring:Simple,eager,131072,77.36000046133995,75.47200098633765,80.96799813210964,1.6943122959972343,1.6943122959972343,ring,Simple,,,,,
point,comm_m3,P2-comm_m3-none-none-r0-33cc249b,torch_nccl,ring:Simple,graph,131072,26.39359980821609,26.31720080971718,26.465599238872528,4.966052412418501,4.966052412418501,ring,Simple,,,,,
point,comm_m3,P2-comm_m3-none-none-r0-33cc249b,torch_nccl,ring:Simple,eager,262144,72.11199775338173,71.56000100076199,73.28799925744534,3.635234193573657,3.635234193573657,ring,Simple,,,,,
point,comm_m3,P2-comm_m3-none-none-r0-33cc249b,torch_nccl,ring:Simple,graph,262144,26.64639949798584,26.59320086240768,26.757200062274936,9.837876971701752,9.837876971701752,ring,Simple,,,,,
point,comm_m3,P2-comm_m3-none-none-r0-33cc249b,torch_nccl,ring:Simple,eager,524288,72.67200201749802,71.11199758946894,74.33599978685379,7.214442776377092,7.214442776377092,ring,Simple,,,,,
point,comm_m3,P2-comm_m3-none-none-r0-33cc249b,torch_nccl,ring:Simple,graph,524288,27.036799490451813,26.974400877952576,27.09600031375885,19.391644347000284,19.391644347000284,ring,Simple,,,,,
point,comm_m3,P2-comm_m3-none-none-r0-33cc249b,torch_nccl,ring:Simple,eager,1048576,77.90399715304375,75.55200159549713,81.7359983921051,13.45984850995584,13.45984850995584,ring,Simple,,,,,
point,comm_m3,P2-comm_m3-none-none-r0-33cc249b,torch_nccl,ring:Simple,graph,1048576,28.280800580978397,28.209199011325833,28.319599479436874,37.077309639716134,37.077309639716134,ring,Simple,,,,,
point,comm_m3,P2-comm_m3-none-none-r0-33cc249b,torch_nccl,ring:Simple,eager,2097152,101.98400169610977,100.53599812090397,105.8880016207695,20.56353903673106,20.56353903673106,ring,Simple,,,,,
point,comm_m3,P2-comm_m3-none-none-r0-33cc249b,torch_nccl,ring:Simple,graph,2097152,31.858399510383602,31.786000728607174,31.91399946808815,65.82728675106468,65.82728675106468,ring,Simple,,,,,
point,comm_m3,P2-comm_m3-none-none-r0-33cc249b,torch_nccl,ring:Simple,eager,4194304,94.4960005581379,85.00799909234047,96.68799862265587,44.386047824526585,44.386047824526585,ring,Simple,,,,,
point,comm_m3,P2-comm_m3-none-none-r0-33cc249b,torch_nccl,ring:Simple,graph,4194304,36.794400215148926,36.70999929308891,36.85280084609985,113.99299826806605,113.99299826806605,ring,Simple,,,,,
point,comm_m3,P2-comm_m3-none-none-r0-33cc249b,torch_nccl,ring:Simple,eager,8388608,106.17600008845329,99.06399995088577,108.71200077235699,79.0066304344824,79.0066304344824,ring,Simple,,,,,
point,comm_m3,P2-comm_m3-none-none-r0-33cc249b,torch_nccl,ring:Simple,graph,8388608,50.16399919986724,50.13160109519959,50.23839920759201,167.22366904156638,167.22366904156638,ring,Simple,,,,,
point,comm_m3,P2-comm_m3-none-none-r0-33cc249b,torch_nccl,ring:Simple,eager,16777216,130.38399815559384,129.2800009250641,135.44000685214996,128.67542211720564,128.67542211720564,ring,Simple,,,,,
point,comm_m3,P2-comm_m3-none-none-r0-33cc249b,torch_nccl,ring:Simple,graph,16777216,85.14560163021088,85.02880036830902,85.20639836788179,197.0414875082309,197.0414875082309,ring,Simple,,,,,
point,comm_m3,P2-comm_m3-none-none-r0-33cc249b,torch_nccl,ring:Simple,eager,33554432,142.06399768590924,140.95199853181836,142.96800270676613,236.19236785231004,236.19236785231004,ring,Simple,,,,,
point,comm_m3,P2-comm_m3-none-none-r0-33cc249b,torch_nccl,ring:Simple,graph,33554432,147.7183997631073,147.5380003452301,147.86440134048462,227.1513369614787,227.1513369614787,ring,Simple,,,,,
point,comm_m3,P2-comm_m3-none-none-r0-33cc249b,torch_nccl,ring:Simple,eager,67108864,256.54399394989014,255.42399287223816,257.4799880385399,261.58813140294427,261.58813140294427,ring,Simple,,,,,
point,comm_m3,P2-comm_m3-none-none-r0-33cc249b,torch_nccl,ring:Simple,graph,67108864,260.3968024253845,260.1455986499787,260.7303977012634,257.71769612735443,257.71769612735443,ring,Simple,,,,,
point,comm_m3,P2-comm_m3-none-none-r0-33cc249b,torch_nccl,ring:Simple,eager,134217728,469.5200026035308,467.8640067577362,470.67198902368546,285.86157619643586,285.86157619643586,ring,Simple,,,,,
point,comm_m3,P2-comm_m3-none-none-r0-33cc249b,torch_nccl,ring:Simple,graph,134217728,473.0855941772461,472.7944016456604,473.3139991760254,283.70707045819285,283.70707045819285,ring,Simple,,,,,
point,comm_m3,P2-comm_m3-none-none-r0-33cc249b,torch_nccl,ring:Simple,eager,268435456,881.9040060043335,878.0079931020737,887.7919912338257,304.3817174798965,304.3817174798965,ring,Simple,,,,,
point,comm_m3,P2-comm_m3-none-none-r0-33cc249b,torch_nccl,ring:Simple,graph,268435456,884.7055912017821,884.3492269515991,885.2479934692383,303.41783602312023,303.41783602312023,ring,Simple,,,,,
point,comm_m3,P2-comm_m3-none-none-r0-b75af1f7,torch_nccl,tree:LL,eager,2048,26.0640000924468,24.952000007033348,26.831999886780977,0.07857581310374145,0.07857581310374145,tree,LL,,,,,
point,comm_m3,P2-comm_m3-none-none-r0-b75af1f7,torch_nccl,tree:LL,graph,2048,11.88799999654293,11.842799931764604,11.935199797153471,0.17227456263421645,0.17227456263421645,tree,LL,,,,,
point,comm_m3,P2-comm_m3-none-none-r0-b75af1f7,torch_nccl,tree:LL,eager,4096,25.280000641942024,24.968000128865242,25.92000039294362,0.16202531234134268,0.16202531234134268,tree,LL,,,,,
point,comm_m3,P2-comm_m3-none-none-r0-b75af1f7,torch_nccl,tree:LL,graph,4096,12.188799679279327,12.145199999213219,12.224799953401089,0.3360462151956688,0.3360462151956688,tree,LL,,,,,
point,comm_m3,P2-comm_m3-none-none-r0-b75af1f7,torch_nccl,tree:LL,eager,8192,25.232000276446342,24.911999702453613,25.679999962449074,0.3246670858531615,0.3246670858531615,tree,LL,,,,,
point,comm_m3,P2-comm_m3-none-none-r0-b75af1f7,torch_nccl,tree:LL,graph,8192,12.382400035858153,12.348800152540207,12.423600256443024,0.6615841820872216,0.6615841820872216,tree,LL,,,,,
point,comm_m3,P2-comm_m3-none-none-r0-b75af1f7,torch_nccl,tree:LL,eager,16384,26.528000831604004,25.816000532358885,34.3920011073351,0.6176115608561428,0.6176115608561428,tree,LL,,,,,
point,comm_m3,P2-comm_m3-none-none-r0-b75af1f7,torch_nccl,tree:LL,graph,16384,12.539999932050705,12.476000003516674,12.570800632238386,1.3065390820397456,1.3065390820397456,tree,LL,,,,,
point,comm_m3,P2-comm_m3-none-none-r0-b75af1f7,torch_nccl,tree:LL,eager,32768,25.855999439954758,25.37599951028824,26.57599980011582,1.2673267601237748,1.2673267601237748,tree,LL,,,,,
point,comm_m3,P2-comm_m3-none-none-r0-b75af1f7,torch_nccl,tree:LL,graph,32768,13.498400151729584,13.436399772763252,13.550399616360664,2.427546941242615,2.427546941242615,tree,LL,,,,,
point,comm_m3,P2-comm_m3-none-none-r0-b75af1f7,torch_nccl,tree:LL,eager,65536,25.968000292778015,25.44800005853176,26.61599963903427,2.5237214749349137,2.5237214749349137,tree,LL,,,,,
point,comm_m3,P2-comm_m3-none-none-r0-b75af1f7,torch_nccl,tree:LL,graph,65536,13.59359994530678,13.540000095963478,13.622400164604187,4.82109229811684,4.82109229811684,tree,LL,,,,,
point,comm_m3,P2-comm_m3-none-none-r0-b75af1f7,torch_nccl,tree:LL,eager,131072,26.240000501275063,25.63999965786934,26.61599963903427,4.99512185579535,4.99512185579535,tree,LL,,,,,
point,comm_m3,P2-comm_m3-none-none-r0-b75af1f7,torch_nccl,tree:LL,graph,131072,14.696799963712692,14.673999696969986,14.738399535417557,8.918404028334391,8.918404028334391,tree,LL,,,,,
point,comm_m3,P2-comm_m3-none-none-r0-b75af1f7,torch_nccl,tree:LL,eager,262144,26.655999943614006,26.27200074493885,27.03999914228916,9.83433375429617,9.83433375429617,tree,LL,,,,,
point,comm_m3,P2-comm_m3-none-none-r0-b75af1f7,torch_nccl,tree:LL,graph,262144,15.576000511646273,15.556800365447998,15.603199601173399,16.829994311055223,16.829994311055223,tree,LL,,,,,
point,comm_m3,P2-comm_m3-none-none-r0-b75af1f7,torch_nccl,tree:LL,eager,524288,27.936000376939774,27.51999907195568,33.464000560343266,18.767468246198266,18.767468246198266,tree,LL,,,,,
point,comm_m3,P2-comm_m3-none-none-r0-b75af1f7,torch_nccl,tree:LL,graph,524288,18.23600009083748,18.202000111341476,18.26440021395683,28.750164366550095,28.750164366550095,tree,LL,,,,,
point,comm_m3,P2-comm_m3-none-none-r0-b75af1f7,torch_nccl,tree:LL,eager,1048576,31.247999519109726,30.456000473350286,32.09599852561951,33.55658013751386,33.55658013751386,tree,LL,,,,,
point,comm_m3,P2-comm_m3-none-none-r0-b75af1f7,torch_nccl,tree:LL,graph,1048576,23.48559945821762,23.438800126314163,23.550400510430336,44.6476148869644,44.6476148869644,tree,LL,,,,,
point,comm_m3,P2-comm_m3-none-none-r0-b75af1f7,torch_nccl,tree:LL,eager,2097152,33.583998680114746,33.25599990785121,33.88000093400478,62.4449762511971,62.4449762511971,tree,LL,,,,,
point,comm_m3,P2-comm_m3-none-none-r0-b75af1f7,torch_nccl,tree:LL,graph,2097152,34.04880017042161,34.00079980492592,34.121599793434136,61.59253746103536,61.59253746103536,tree,LL,,,,,
point,comm_m3,P2-comm_m3-none-none-r0-b75af1f7,torch_nccl,tree:LL,eager,4194304,56.0000017285347,55.559998378157616,56.280000135302544,74.89828340242354,74.89828340242354,tree,LL,,,,,
point,comm_m3,P2-comm_m3-none-none-r0-b75af1f7,torch_nccl,tree:LL,graph,4194304,56.333601474761956,56.28800094127654,56.376801431179054,74.45474619404712,74.45474619404712,tree,LL,,,,,
point,comm_m3,P2-comm_m3-none-none-r0-b75af1f7,torch_nccl,tree:LL,eager,8388608,99.96800124645233,98.92800077795984,104.36800122261047,83.91293109201477,83.91293109201477,tree,LL,,,,,
point,comm_m3,P2-comm_m3-none-none-r0-b75af1f7,torch_nccl,tree:LL,graph,8388608,98.88879954814912,98.80240112543108,98.9864006638527,84.82869686283908,84.82869686283908,tree,LL,,,,,
point,comm_m3,P2-comm_m3-none-none-r0-b75af1f7,torch_nccl,tree:LL,eager,16777216,187.6640021800995,186.6640001535416,188.76799941062927,89.40028884121875,89.40028884121875,tree,LL,,,,,
point,comm_m3,P2-comm_m3-none-none-r0-b75af1f7,torch_nccl,tree:LL,graph,16777216,187.99760341644287,187.85639703273773,188.1255954504013,89.24164827163223,89.24164827163223,tree,LL,,,,,
point,comm_m3,P2-comm_m3-none-none-r0-b75af1f7,torch_nccl,tree:LL,eager,33554432,335.5520069599152,333.9359983801841,336.88800036907196,99.99770915990494,99.99770915990494,tree,LL,,,,,
point,comm_m3,P2-comm_m3-none-none-r0-b75af1f7,torch_nccl,tree:LL,graph,33554432,337.0488047599792,336.80640459060675,337.20879554748535,99.55362999698201,99.55362999698201,tree,LL,,,,,
point,comm_m3,P2-comm_m3-none-none-r0-b75af1f7,torch_nccl,tree:LL,eager,67108864,664.6080017089844,662.6159846782684,669.5920079946517,100.97510687117085,100.97510687117085,tree,LL,,,,,
point,comm_m3,P2-comm_m3-none-none-r0-b75af1f7,torch_nccl,tree:LL,graph,67108864,667.1080112457275,666.8223977088928,667.3688173294067,100.59669928814664,100.59669928814664,tree,LL,,,,,
point,comm_m3,P2-comm_m3-none-none-r0-b75af1f7,torch_nccl,tree:LL,eager,134217728,1304.4800162315366,1301.071971654892,1308.2720041275024,102.88983068344469,102.88983068344469,tree,LL,,,,,
point,comm_m3,P2-comm_m3-none-none-r0-b75af1f7,torch_nccl,tree:LL,graph,134217728,1305.0936222076416,1304.6963930130005,1305.577564239502,102.84145575162871,102.84145575162871,tree,LL,,,,,
point,comm_m3,P2-comm_m3-none-none-r0-b75af1f7,torch_nccl,tree:LL,eager,268435456,2612.5279664993286,2607.8720688819885,2617.3359155654907,102.74931386081641,102.74931386081641,tree,LL,,,,,
point,comm_m3,P2-comm_m3-none-none-r0-b75af1f7,torch_nccl,tree:LL,graph,268435456,2613.3264541625977,2612.7624511718755,2614.3635749816895,102.7179193676422,102.7179193676422,tree,LL,,,,,
point,comm_m3,P2-comm_m3-none-none-r0-878505b3,torch_nccl,tree:LL128,eager,2048,25.21600015461445,24.487999733537436,26.311999652534723,0.08121827361367709,0.08121827361367709,tree,LL128,,,,,
point,comm_m3,P2-comm_m3-none-none-r0-878505b3,torch_nccl,tree:LL128,graph,2048,17.351199686527252,17.314799875020977,17.417599633336067,0.11803218434459134,0.11803218434459134,tree,LL128,,,,,
point,comm_m3,P2-comm_m3-none-none-r0-878505b3,torch_nccl,tree:LL128,eager,4096,24.4159996509552,24.191999807953835,24.76000040769577,0.1677588490561662,0.1677588490561662,tree,LL128,,,,,
point,comm_m3,P2-comm_m3-none-none-r0-878505b3,torch_nccl,tree:LL128,graph,4096,17.375199496746063,17.314399778842926,17.41599962115288,0.23573830048783484,0.23573830048783484,tree,LL128,,,,,
point,comm_m3,P2-comm_m3-none-none-r0-878505b3,torch_nccl,tree:LL128,eager,8192,24.20799992978573,24.04000051319599,24.639999493956566,0.33840052973234247,0.33840052973234247,tree,LL128,,,,,
point,comm_m3,P2-comm_m3-none-none-r0-878505b3,torch_nccl,tree:LL128,graph,8192,17.532800137996674,17.494399845600128,17.571999505162243,0.46723854350261423,0.46723854350261423,tree,LL128,,,,,
point,comm_m3,P2-comm_m3-none-none-r0-878505b3,torch_nccl,tree:LL128,eager,16384,25.647999718785286,25.224000215530396,27.592000551521775,0.6388022527932233,0.6388022527932233,tree,LL128,,,,,
point,comm_m3,P2-comm_m3-none-none-r0-878505b3,torch_nccl,tree:LL128,graph,16384,17.768000066280365,17.720000445842743,17.829200252890587,0.9221071554976588,0.9221071554976588,tree,LL128,,,,,
point,comm_m3,P2-comm_m3-none-none-r0-878505b3,torch_nccl,tree:LL128,eager,32768,25.167999789118767,24.89599958062172,26.087999809533358,1.3019707674253498,1.3019707674253498,tree,LL128,,,,,
point,comm_m3,P2-comm_m3-none-none-r0-878505b3,torch_nccl,tree:LL128,graph,32768,17.88880005478859,17.838000133633614,17.942000180482864,1.831760649101137,1.831760649101137,tree,LL128,,,,,
point,comm_m3,P2-comm_m3-none-none-r0-878505b3,torch_nccl,tree:LL128,eager,65536,25.472000241279602,25.13599954545498,25.976000353693962,2.572864297236979,2.572864297236979,tree,LL128,,,,,
point,comm_m3,P2-comm_m3-none-none-r0-878505b3,torch_nccl,tree:LL128,graph,65536,18.247999995946884,18.20399984717369,18.320000171661373,3.5914072783075617,3.5914072783075617,tree,LL128,,,,,
point,comm_m3,P2-comm_m3-none-none-r0-878505b3,torch_nccl,tree:LL128,eager,131072,26.415999978780746,26.176000013947487,26.688000187277794,4.961841312283713,4.961841312283713,tree,LL128,,,,,
point,comm_m3,P2-comm_m3-none-none-r0-878505b3,torch_nccl,tree:LL128,graph,131072,19.10480037331581,19.060799479484558,19.156000390648842,6.86068409189304,6.86068409189304,tree,LL128,,,,,
point,comm_m3,P2-comm_m3-none-none-r0-878505b3,torch_nccl,tree:LL128,eager,262144,27.11999975144863,26.920000091195107,28.143999632447954,9.666076784753564,9.666076784753564,tree,LL128,,,,,
point,comm_m3,P2-comm_m3-none-none-r0-878505b3,torch_nccl,tree:LL128,graph,262144,18.996000289916996,18.91160048544407,19.042000174522403,13.799957675255724,13.799957675255724,tree,LL128,,,,,
point,comm_m3,P2-comm_m3-none-none-r0-878505b3,torch_nccl,tree:LL128,eager,524288,28.20800058543682,27.847999706864357,28.656000271439552,18.586499897858005,18.586499897858005,tree,LL128,,,,,
point,comm_m3,P2-comm_m3-none-none-r0-878505b3,torch_nccl,tree:LL128,graph,524288,21.888799965381622,21.845199912786484,21.929599344730377,23.952340961093856,23.952340961093856,tree,LL128,,,,,
point,comm_m3,P2-comm_m3-none-none-r0-878505b3,torch_nccl,tree:LL128,eager,1048576,28.239999897778034,27.688000351190567,29.335999861359596,37.130878321373636,37.130878321373636,tree,LL128,,,,,
point,comm_m3,P2-comm_m3-none-none-r0-878505b3,torch_nccl,tree:LL128,graph,1048576,24.57439973950386,24.50519986450672,24.61399957537651,42.66944507761027,42.66944507761027,tree,LL128,,,,,
point,comm_m3,P2-comm_m3-none-none-r0-878505b3,torch_nccl,tree:LL128,eager,2097152,31.59999847412109,31.328000128269196,32.08799846470355,66.36557282486797,66.36557282486797,tree,LL128,,,,,
point,comm_m3,P2-comm_m3-none-none-r0-878505b3,torch_nccl,tree:LL128,graph,2097152,32.29120075702668,32.23759904503822,32.325199991464615,64.944998972937,64.944998972937,tree,LL128,,,,,
point,comm_m3,P2-comm_m3-none-none-r0-878505b3,torch_nccl,tree:LL128,eager,4194304,45.20000144839287,44.92799937725067,45.399999246001244,92.79433330967588,92.79433330967588,tree,LL128,,,,,
point,comm_m3,P2-comm_m3-none-none-r0-878505b3,torch_nccl,tree:LL128,graph,4194304,45.30239999294281,45.251599699258804,45.341600477695465,92.58458714446448,92.58458714446448,tree,LL128,,,,,
point,comm_m3,P2-comm_m3-none-none-r0-878505b3,torch_nccl,tree:LL128,eager,8388608,57.56799876689911,57.159999385476105,58.01599845290184,145.71651229299545,145.71651229299545,tree,LL128,,,,,
point,comm_m3,P2-comm_m3-none-none-r0-878505b3,torch_nccl,tree:LL128,graph,8388608,57.50159919261932,57.458001375198364,57.56239891052246,145.88477742853328,145.88477742853328,tree,LL128,,,,,
point,comm_m3,P2-comm_m3-none-none-r0-878505b3,torch_nccl,tree:LL128,eager,16777216,97.83999994397163,97.28800319135188,98.39999675750732,171.47604261659365,171.47604261659365,tree,LL128,,,,,
point,comm_m3,P2-comm_m3-none-none-r0-878505b3,torch_nccl,tree:LL128,graph,16777216,100.8239984512329,100.74120461940765,100.96759796142577,166.40101818730088,166.40101818730088,tree,LL128,,,,,
point,comm_m3,P2-comm_m3-none-none-r0-878505b3,torch_nccl,tree:LL128,eager,33554432,166.04799777269363,165.38399457931519,166.6400022804737,202.07670342362889,202.07670342362889,tree,LL128,,,,,
point,comm_m3,P2-comm_m3-none-none-r0-878505b3,torch_nccl,tree:LL128,graph,33554432,169.35439705848694,169.25920248031616,169.46159601211548,198.1314485056559,198.1314485056559,tree,LL128,,,,,
point,comm_m3,P2-comm_m3-none-none-r0-878505b3,torch_nccl,tree:LL128,eager,67108864,313.47198784351355,312.52799928188324,314.39199298620224,214.08249094812584,214.08249094812584,tree,LL128,,,,,
point,comm_m3,P2-comm_m3-none-none-r0-878505b3,torch_nccl,tree:LL128,graph,67108864,316.2232041358948,316.0423934459686,316.3656055927277,212.21992289712054,212.21992289712054,tree,LL128,,,,,
point,comm_m3,P2-comm_m3-none-none-r0-878505b3,torch_nccl,tree:LL128,eager,134217728,610.2080047130585,608.3199977874756,612.3040169477463,219.9540598670349,219.9540598670349,tree,LL128,,,,,
point,comm_m3,P2-comm_m3-none-none-r0-878505b3,torch_nccl,tree:LL128,graph,134217728,613.4255886077881,613.1044149398804,613.7599945068359,218.80034105622565,218.80034105622565,tree,LL128,,,,,
point,comm_m3,P2-comm_m3-none-none-r0-878505b3,torch_nccl,tree:LL128,eager,268435456,1259.712040424347,1256.9679617881777,1261.543959379196,213.09271276757406,213.09271276757406,tree,LL128,,,,,
point,comm_m3,P2-comm_m3-none-none-r0-878505b3,torch_nccl,tree:LL128,graph,268435456,1261.4424228668213,1260.9647750854492,1261.9163751602173,212.8004030417332,212.8004030417332,tree,LL128,,,,,
point,comm_m3,P2-comm_m3-none-none-r0-daaddc30,torch_nccl,tree:Simple,eager,2048,27.216000482439995,26.895999908447266,28.279999271035194,0.07524985169372655,0.07524985169372655,tree,Simple,,,,,
point,comm_m3,P2-comm_m3-none-none-r0-daaddc30,torch_nccl,tree:Simple,graph,2048,22.470399737358097,22.42400050163269,22.51840010285377,0.09114212581608434,0.09114212581608434,tree,Simple,,,,,
point,comm_m3,P2-comm_m3-none-none-r0-daaddc30,torch_nccl,tree:Simple,eager,4096,28.36799994111061,28.111999854445457,28.759999666363,0.1443880431649367,0.1443880431649367,tree,Simple,,,,,
point,comm_m3,P2-comm_m3-none-none-r0-daaddc30,torch_nccl,tree:Simple,graph,4096,22.29039967060089,22.23159968852997,22.338799759745598,0.18375623858383616,0.18375623858383616,tree,Simple,,,,,
point,comm_m3,P2-comm_m3-none-none-r0-daaddc30,torch_nccl,tree:Simple,eager,8192,37.9519984126091,37.28000074625015,39.544000290334225,0.21585161105187825,0.21585161105187825,tree,Simple,,,,,
point,comm_m3,P2-comm_m3-none-none-r0-daaddc30,torch_nccl,tree:Simple,graph,8192,22.523200511932373,22.47520051896572,22.60119989514351,0.36371385122021316,0.36371385122021316,tree,Simple,,,,,
point,comm_m3,P2-comm_m3-none-none-r0-daaddc30,torch_nccl,tree:Simple,eager,16384,50.64000003039837,49.223998561501496,53.92799898982048,0.3235387043871436,0.3235387043871436,tree,Simple,,,,,
point,comm_m3,P2-comm_m3-none-none-r0-daaddc30,torch_nccl,tree:Simple,graph,16384,23.296799510717392,23.246800154447556,23.358000442385674,0.7032725672237834,0.7032725672237834,tree,Simple,,,,,
point,comm_m3,P2-comm_m3-none-none-r0-daaddc30,torch_nccl,tree:Simple,eager,32768,46.73600010573864,46.21600080281496,47.93600086122751,0.7011297484993044,0.7011297484993044,tree,Simple,,,,,
point,comm_m3,P2-comm_m3-none-none-r0-daaddc30,torch_nccl,tree:Simple,graph,32768,24.862399697303772,24.808799847960472,24.94320012629032,1.3179741456555203,1.3179741456555203,tree,Simple,,,,,
point,comm_m3,P2-comm_m3-none-none-r0-daaddc30,torch_nccl,tree:Simple,eager,65536,47.87199944257736,46.87199927866459,50.175998359918594,1.3689839731597313,1.3689839731597313,tree,Simple,,,,,
point,comm_m3,P2-comm_m3-none-none-r0-daaddc30,torch_nccl,tree:Simple,graph,65536,25.152800977230072,25.086399912834167,25.245200097560883,2.6055149905303745,2.6055149905303745,tree,Simple,,,,,
point,comm_m3,P2-comm_m3-none-none-r0-daaddc30,torch_nccl,tree:Simple,eager,131072,72.09599763154984,70.66400162875652,73.9199984818697,1.81802047694589,1.81802047694589,tree,Simple,,,,,
point,comm_m3,P2-comm_m3-none-none-r0-daaddc30,torch_nccl,tree:Simple,graph,131072,25.94159990549088,25.85880011320114,25.993600487709042,5.052579658830406,5.052579658830406,tree,Simple,,,,,
point,comm_m3,P2-comm_m3-none-none-r0-daaddc30,torch_nccl,tree:Simple,eager,262144,63.87199833989143,57.26400017738342,70.92799805104733,4.104208523506885,4.104208523506885,tree,Simple,,,,,
point,comm_m3,P2-comm_m3-none-none-r0-daaddc30,torch_nccl,tree:Simple,graph,262144,26.867198944091797,26.791200786828995,26.95319950580597,9.757027539249545,9.757027539249545,tree,Simple,,,,,
point,comm_m3,P2-comm_m3-none-none-r0-daaddc30,torch_nccl,tree:Simple,eager,524288,93.9360000193119,92.30400249361992,98.00000116229059,5.581331969556015,5.581331969556015,tree,Simple,,,,,
point,comm_m3,P2-comm_m3-none-none-r0-daaddc30,torch_nccl,tree:Simple,graph,524288,27.594400942325592,27.55079939961433,27.657601237297058,18.999796411446003,18.999796411446003,tree,Simple,,,,,
point,comm_m3,P2-comm_m3-none-none-r0-daaddc30,torch_nccl,tree:Simple,eager,1048576,106.17600008845329,102.311996743083,116.71199835836887,9.8758288043103,9.8758288043103,tree,Simple,,,,,
point,comm_m3,P2-comm_m3-none-none-r0-daaddc30,torch_nccl,tree:Simple,graph,1048576,29.161599278450012,29.082800447940823,29.221998900175095,35.95742435068992,35.95742435068992,tree,Simple,,,,,
point,comm_m3,P2-comm_m3-none-none-r0-daaddc30,torch_nccl,tree:Simple,eager,2097152,93.96800026297569,93.12000125646591,97.18400239944458,22.317725120583397,22.317725120583397,tree,Simple,,,,,
point,comm_m3,P2-comm_m3-none-none-r0-daaddc30,torch_nccl,tree:Simple,graph,2097152,33.742401003837585,33.608001470565796,33.827200531959534,62.15183085997605,62.15183085997605,tree,Simple,,,,,
point,comm_m3,P2-comm_m3-none-none-r0-daaddc30,torch_nccl,tree:Simple,eager,4194304,93.61599758267404,91.75199829041958,98.00800122320652,44.80328264724126,44.80328264724126,tree,Simple,,,,,
point,comm_m3,P2-comm_m3-none-none-r0-daaddc30,torch_nccl,tree:Simple,graph,4194304,46.89359962940216,46.68159931898117,47.18159958720207,89.44299506003763,89.44299506003763,tree,Simple,,,,,
point,comm_m3,P2-comm_m3-none-none-r0-daaddc30,torch_nccl,tree:Simple,eager,8388608,70.17599791288377,68.00800189375877,115.73600210249425,119.5367112614998,119.5367112614998,tree,Simple,,,,,
point,comm_m3,P2-comm_m3-none-none-r0-daaddc30,torch_nccl,tree:Simple,graph,8388608,69.66559886932374,69.50159817934036,69.84800100326538,120.41248673875687,120.41248673875687,tree,Simple,,,,,
point,comm_m3,P2-comm_m3-none-none-r0-daaddc30,torch_nccl,tree:Simple,eager,16777216,134.27200168371198,131.79999962449077,140.04800096154213,124.94947412432282,124.94947412432282,tree,Simple,,,,,
point,comm_m3,P2-comm_m3-none-none-r0-daaddc30,torch_nccl,tree:Simple,graph,16777216,105.84080219268799,105.53960204124452,106.08960092067717,158.51368897843685,158.51368897843685,tree,Simple,,,,,
point,comm_m3,P2-comm_m3-none-none-r0-daaddc30,torch_nccl,tree:Simple,eager,33554432,145.8879932761192,144.84000578522682,148.12800288200378,230.0013266786953,230.0013266786953,tree,Simple,,,,,
point,comm_m3,P2-comm_m3-none-none-r0-daaddc30,torch_nccl,tree:Simple,graph,33554432,156.64160251617432,156.41959905624387,156.8619966506958,214.21149593088,214.21149593088,tree,Simple,,,,,
point,comm_m3,P2-comm_m3-none-none-r0-daaddc30,torch_nccl,tree:Simple,eager,67108864,249.376006424427,248.75199422240254,250.72800368070605,269.10714050726943,269.10714050726943,tree,Simple,,,,,
point,comm_m3,P2-comm_m3-none-none-r0-daaddc30,torch_nccl,tree:Simple,graph,67108864,253.3904075622559,253.05240750312805,253.92559170722961,264.84374308254706,264.84374308254706,tree,Simple,,,,,
point,comm_m3,P2-comm_m3-none-none-r0-daaddc30,torch_nccl,tree:Simple,eager,134217728,461.34400367736816,459.2880010604859,463.45601230859756,290.9276525329297,290.9276525329297,tree,Simple,,,,,
point,comm_m3,P2-comm_m3-none-none-r0-daaddc30,torch_nccl,tree:Simple,graph,134217728,460.94560623168945,460.4923963546753,461.3271951675415,291.1791026651784,291.1791026651784,tree,Simple,,,,,
point,comm_m3,P2-comm_m3-none-none-r0-daaddc30,torch_nccl,tree:Simple,eager,268435456,871.7759847640991,862.4879866838455,878.6960244178772,307.91792925178834,307.91792925178834,tree,Simple,,,,,
point,comm_m3,P2-comm_m3-none-none-r0-daaddc30,torch_nccl,tree:Simple,graph,268435456,871.2215900421143,869.928812980652,872.7299690246582,308.11387030367786,308.11387030367786,tree,Simple,,,,,
point,comm_m3,P2-comm_m3-none-none-r0-e178f7ba,torch_nccl,nvls:Simple,eager,2048,28.831999748945236,27.879999950528145,29.71199946478009,0.07103218707800253,0.07103218707800253,nvls,Simple,,,,,
point,comm_m3,P2-comm_m3-none-none-r0-e178f7ba,torch_nccl,nvls:Simple,graph,2048,24.02079999446869,23.975200206041333,24.06199984252453,0.0852594418367247,0.0852594418367247,nvls,Simple,,,,,
point,comm_m3,P2-comm_m3-none-none-r0-e178f7ba,torch_nccl,nvls:Simple,eager,4096,27.855999767780304,27.319999411702156,28.759999666363,0.14704193115113556,0.14704193115113556,nvls,Simple,,,,,
point,comm_m3,P2-comm_m3-none-none-r0-e178f7ba,torch_nccl,nvls:Simple,graph,4096,23.873599618673325,23.826800659298897,23.929600417613983,0.17157027282958254,0.17157027282958254,nvls,Simple,,,,,
point,comm_m3,P2-comm_m3-none-none-r0-e178f7ba,torch_nccl,nvls:Simple,eager,8192,37.11999952793121,36.63199953734875,37.76000067591667,0.22068965797900592,0.22068965797900592,nvls,Simple,,,,,
point,comm_m3,P2-comm_m3-none-none-r0-e178f7ba,torch_nccl,nvls:Simple,graph,8192,24.19600039720535,24.129999428987503,24.236399680376053,0.33856835284835674,0.33856835284835674,nvls,Simple,,,,,
point,comm_m3,P2-comm_m3-none-none-r0-e178f7ba,torch_nccl,nvls:Simple,eager,16384,54.84800040721894,53.56800090521573,55.80000020563602,0.2987164505243036,0.2987164505243036,nvls,Simple,,,,,
point,comm_m3,P2-comm_m3-none-none-r0-e178f7ba,torch_nccl,nvls:Simple,graph,16384,24.438400566577908,24.380800127983093,24.500799551606175,0.6704203065730434,0.6704203065730434,nvls,Simple,,,,,
point,comm_m3,P2-comm_m3-none-none-r0-e178f7ba,torch_nccl,nvls:Simple,eager,32768,47.359999269247055,46.696001663804054,48.128001391887665,0.6918919025676109,0.6918919025676109,nvls,Simple,,,,,
point,comm_m3,P2-comm_m3-none-none-r0-e178f7ba,torch_nccl,nvls:Simple,graph,32768,25.316798686981198,25.21959915757179,25.391599535942074,1.294318464397731,1.294318464397731,nvls,Simple,,,,,
point,comm_m3,P2-comm_m3-none-none-r0-e178f7ba,torch_nccl,nvls:Simple,eager,65536,89.90399911999704,74.3279978632927,92.36000292003155,0.7289553372651145,0.7289553372651145,nvls,Simple,,,,,
point,comm_m3,P2-comm_m3-none-none-r0-e178f7ba,torch_nccl,nvls:Simple,graph,65536,26.054400205612186,25.960800051689148,26.123198866844177,2.515352473394624,2.515352473394624,nvls,Simple,,,,,
point,comm_m3,P2-comm_m3-none-none-r0-e178f7ba,torch_nccl,nvls:Simple,eager,131072,68.27199831604958,67.19199754297733,71.5360026806593,1.919850059071542,1.919850059071542,nvls,Simple,,,,,
point,comm_m3,P2-comm_m3-none-none-r0-e178f7ba,torch_nccl,nvls:Simple,graph,131072,26.46320015192032,26.402799785137177,26.531199365854263,4.952991295366395,4.952991295366395,nvls,Simple,,,,,
point,comm_m3,P2-comm_m3-none-none-r0-e178f7ba,torch_nccl,nvls:Simple,eager,262144,68.2399980723858,67.75200180709362,71.44800014793873,3.8415006946795325,3.8415006946795325,nvls,Simple,,,,,
point,comm_m3,P2-comm_m3-none-none-r0-e178f7ba,torch_nccl,nvls:Simple,graph,262144,26.995199918746952,26.924400031566616,27.071600407361984,9.710763424202419,9.710763424202419,nvls,Simple,,,,,
point,comm_m3,P2-comm_m3-none-none-r0-e178f7ba,torch_nccl,nvls:Simple,eager,524288,99.10399839282036,90.09600058197975,103.7600003182888,5.290281002809492,5.290281002809492,nvls,Simple,,,,,
point,comm_m3,P2-comm_m3-none-none-r0-e178f7ba,torch_nccl,nvls:Simple,graph,524288,28.724800050258633,28.67280021309853,28.782800585031513,18.252102680703583,18.252102680703583,nvls,Simple,,,,,
point,comm_m3,P2-comm_m3-none-none-r0-e178f7ba,torch_nccl,nvls:Simple,eager,1048576,112.25599795579909,68.29599849879742,118.01599897444248,9.340935175801278,9.340935175801278,nvls,Simple,,,,,
point,comm_m3,P2-comm_m3-none-none-r0-e178f7ba,torch_nccl,nvls:Simple,graph,1048576,32.61439949274063,32.51200020313262,32.722800225019455,32.15070693646817,32.15070693646817,nvls,Simple,,,,,
point,comm_m3,P2-comm_m3-none-none-r0-e178f7ba,torch_nccl,nvls:Simple,eager,2097152,92.28800237178802,91.3920011371374,96.24000266194344,22.723993868146493,22.723993868146493,nvls,Simple,,,,,
point,comm_m3,P2-comm_m3-none-none-r0-e178f7ba,torch_nccl,nvls:Simple,graph,2097152,39.83359932899475,39.77239951491356,39.914800971746445,52.64781579688908,52.64781579688908,nvls,Simple,,,,,
point,comm_m3,P2-comm_m3-none-none-r0-e178f7ba,torch_nccl,nvls:Simple,eager,4194304,92.17600151896477,91.01600013673306,95.27200274169445,45.503210498201554,45.503210498201554,nvls,Simple,,,,,
point,comm_m3,P2-comm_m3-none-none-r0-e178f7ba,torch_nccl,nvls:Simple,graph,4194304,53.18000018596649,53.12080085277558,53.26479971408845,78.8699508336373,78.8699508336373,nvls,Simple,,,,,
point,comm_m3,P2-comm_m3-none-none-r0-e178f7ba,torch_nccl,nvls:Simple,eager,8388608,125.15199929475783,123.44000115990637,126.83999910950662,67.02735910948702,67.02735910948702,nvls,Simple,,,,,
point,comm_m3,P2-comm_m3-none-none-r0-e178f7ba,torch_nccl,nvls:Simple,graph,8388608,77.82480120658873,77.7199998497963,77.91319787502289,107.7883639912184,107.7883639912184,nvls,Simple,,,,,
point,comm_m3,P2-comm_m3-none-none-r0-e178f7ba,torch_nccl,nvls:Simple,eager,16777216,128.23999673128128,126.81599706411363,133.36000218987465,130.82670327226836,130.82670327226836,nvls,Simple,,,,,
point,comm_m3,P2-comm_m3-none-none-r0-e178f7ba,torch_nccl,nvls:Simple,graph,16777216,124.96800422668456,124.86720383167267,125.07359683513643,134.25209199602102,134.25209199602102,nvls,Simple,,,,,
point,comm_m3,P2-comm_m3-none-none-r0-e178f7ba,torch_nccl,nvls:Simple,eager,33554432,211.7919996380806,211.0079973936081,212.70399540662763,158.4310647113171,158.4310647113171,nvls,Simple,,,,,
point,comm_m3,P2-comm_m3-none-none-r0-e178f7ba,torch_nccl,nvls:Simple,graph,33554432,214.66640233993527,214.4644021987915,214.86840844154358,156.30965830817266,156.30965830817266,nvls,Simple,,,,,
point,comm_m3,P2-comm_m3-none-none-r0-e178f7ba,torch_nccl,nvls:Simple,eager,67108864,385.3600025177002,383.5360035300255,386.4239975810051,174.14589879996066,174.14589879996066,nvls,Simple,,,,,
point,comm_m3,P2-comm_m3-none-none-r0-e178f7ba,torch_nccl,nvls:Simple,graph,67108864,388.05600404739386,387.7424001693725,388.32799792289734,172.93602804765237,172.93602804765237,nvls,Simple,,,,,
point,comm_m3,P2-comm_m3-none-none-r0-e178f7ba,torch_nccl,nvls:Simple,eager,134217728,736.8639707565308,734.8079979419709,738.6159896850586,182.14722571141593,182.14722571141593,nvls,Simple,,,,,
point,comm_m3,P2-comm_m3-none-none-r0-e178f7ba,torch_nccl,nvls:Simple,graph,134217728,739.3848180770874,738.9495968818665,739.9364233016967,181.52621573845545,181.52621573845545,nvls,Simple,,,,,
point,comm_m3,P2-comm_m3-none-none-r0-e178f7ba,torch_nccl,nvls:Simple,eager,268435456,1354.159951210022,1350.7279753684998,1358.495980501175,198.23024286025964,198.23024286025964,nvls,Simple,,,,,
point,comm_m3,P2-comm_m3-none-none-r0-e178f7ba,torch_nccl,nvls:Simple,graph,268435456,1358.1471920013428,1357.2487831115723,1358.9760065078738,197.64827964223673,197.64827964223673,nvls,Simple,,,,,
point,comm_m4,P2-comm_m4-none-none-r0-2103a2dc,nccl_tests,out_of_place,eager,8,22.879999,,,0.000346,0.000346,RING,LL,,,,,
point,comm_m4,P2-comm_m4-none-none-r0-2103a2dc,nccl_tests,in_place,eager,8,20.512,,,0.000388,0.000388,RING,LL,,,,,
point,comm_m4,P2-comm_m4-none-none-r0-2103a2dc,nccl_tests,out_of_place,eager,16,21.984,,,0.000701,0.000701,RING,LL,,,,,
point,comm_m4,P2-comm_m4-none-none-r0-2103a2dc,nccl_tests,in_place,eager,16,21.952,,,0.000713,0.000713,RING,LL,,,,,
point,comm_m4,P2-comm_m4-none-none-r0-2103a2dc,nccl_tests,out_of_place,eager,32,19.808,,,0.00159,0.00159,RING,LL,,,,,
point,comm_m4,P2-comm_m4-none-none-r0-2103a2dc,nccl_tests,in_place,eager,32,19.743999,,,0.001595,0.001595,RING,LL,,,,,
point,comm_m4,P2-comm_m4-none-none-r0-2103a2dc,nccl_tests,out_of_place,eager,64,18.112,,,0.003497,0.003497,RING,LL,,,,,
point,comm_m4,P2-comm_m4-none-none-r0-2103a2dc,nccl_tests,in_place,eager,64,18.112,,,0.003512,0.003512,RING,LL,,,,,
point,comm_m4,P2-comm_m4-none-none-r0-2103a2dc,nccl_tests,out_of_place,eager,128,16.672,,,0.007638,0.007638,RING,LL,,,,,
point,comm_m4,P2-comm_m4-none-none-r0-2103a2dc,nccl_tests,in_place,eager,128,16.608,,,0.003619,0.003619,RING,LL,,,,,
point,comm_m4,P2-comm_m4-none-none-r0-2103a2dc,nccl_tests,out_of_place,eager,256,14.592,,,0.017503,0.017503,RING,LL,,,,,
point,comm_m4,P2-comm_m4-none-none-r0-2103a2dc,nccl_tests,in_place,eager,256,14.56,,,0.017487,0.017487,RING,LL,,,,,
point,comm_m4,P2-comm_m4-none-none-r0-2103a2dc,nccl_tests,out_of_place,eager,512,14.528,,,0.034746,0.034746,RING,LL,,,,,
point,comm_m4,P2-comm_m4-none-none-r0-2103a2dc,nccl_tests,in_place,eager,512,14.528,,,0.034848,0.034848,RING,LL,,,,,
point,comm_m4,P2-comm_m4-none-none-r0-2103a2dc,nccl_tests,out_of_place,eager,1024,14.656,,,0.069557,0.069557,RING,LL,,,,,
point,comm_m4,P2-comm_m4-none-none-r0-2103a2dc,nccl_tests,in_place,eager,1024,14.528,,,0.070756,0.070756,RING,LL,,,,,
point,comm_m4,P2-comm_m4-none-none-r0-2103a2dc,nccl_tests,out_of_place,eager,2048,14.016,,,0.146797,0.146797,RING,LL,,,,,
point,comm_m4,P2-comm_m4-none-none-r0-2103a2dc,nccl_tests,in_place,eager,2048,13.984,,,0.147068,0.147068,RING,LL,,,,,
point,comm_m4,P2-comm_m4-none-none-r0-2103a2dc,nccl_tests,out_of_place,eager,4096,13.952,,,0.290287,0.290287,RING,LL,,,,,
point,comm_m4,P2-comm_m4-none-none-r0-2103a2dc,nccl_tests,in_place,eager,4096,13.248,,,0.311565,0.311565,RING,LL,,,,,
point,comm_m4,P2-comm_m4-none-none-r0-2103a2dc,nccl_tests,out_of_place,eager,8192,12.48,,,0.656481,0.656481,RING,LL,,,,,
point,comm_m4,P2-comm_m4-none-none-r0-2103a2dc,nccl_tests,in_place,eager,8192,12.608,,,0.652396,0.652396,RING,LL,,,,,
point,comm_m4,P2-comm_m4-none-none-r0-2103a2dc,nccl_tests,out_of_place,eager,16384,12.448,,,1.308102,1.308102,RING,LL,,,,,
point,comm_m4,P2-comm_m4-none-none-r0-2103a2dc,nccl_tests,in_place,eager,16384,12.448,,,1.304312,1.304312,RING,LL,,,,,
point,comm_m4,P2-comm_m4-none-none-r0-2103a2dc,nccl_tests,out_of_place,eager,32768,12.128,,,2.669115,2.669115,RING,LL,,,,,
point,comm_m4,P2-comm_m4-none-none-r0-2103a2dc,nccl_tests,in_place,eager,32768,11.328,,,2.86557,2.86557,RING,LL,,,,,
point,comm_m4,P2-comm_m4-none-none-r0-2103a2dc,nccl_tests,out_of_place,eager,65536,11.168,,,5.77544,5.77544,RING,LL,,,,,
point,comm_m4,P2-comm_m4-none-none-r0-2103a2dc,nccl_tests,in_place,eager,65536,10.176,,,6.401546,6.401546,RING,LL,,,,,
point,comm_m4,P2-comm_m4-none-none-r0-2103a2dc,nccl_tests,out_of_place,eager,131072,12.064,,,10.852047,10.852047,RING,LL,,,,,
point,comm_m4,P2-comm_m4-none-none-r0-2103a2dc,nccl_tests,in_place,eager,131072,12.032,,,10.951698,10.951698,RING,LL,,,,,
point,comm_m4,P2-comm_m4-none-none-r0-2103a2dc,nccl_tests,out_of_place,eager,262144,13.6,,,19.238144,19.238144,RING,LL,,,,,
point,comm_m4,P2-comm_m4-none-none-r0-2103a2dc,nccl_tests,in_place,eager,262144,13.6,,,19.388686,19.388686,RING,LL,,,,,
point,comm_m4,P2-comm_m4-none-none-r0-2103a2dc,nccl_tests,out_of_place,eager,524288,15.456,,,34.156977,34.156977,N/A,N/A,,,,,
point,comm_m4,P2-comm_m4-none-none-r0-2103a2dc,nccl_tests,in_place,eager,524288,15.456,,,34.255178,34.255178,N/A,N/A,,,,,
point,comm_m4,P2-comm_m4-none-none-r0-2103a2dc,nccl_tests,out_of_place,eager,1048576,20.416001,,,51.978826,51.978826,N/A,N/A,,,,,
point,comm_m4,P2-comm_m4-none-none-r0-2103a2dc,nccl_tests,in_place,eager,1048576,19.936001,,,53.044092,53.044092,N/A,N/A,,,,,
point,comm_m4,P2-comm_m4-none-none-r0-2103a2dc,nccl_tests,out_of_place,eager,2097152,33.344001,,,63.271851,63.271851,N/A,N/A,,,,,
point,comm_m4,P2-comm_m4-none-none-r0-2103a2dc,nccl_tests,in_place,eager,2097152,33.055998,,,63.724047,63.724047,N/A,N/A,,,,,
point,comm_m4,P2-comm_m4-none-none-r0-2103a2dc,nccl_tests,out_of_place,eager,4194304,38.272001,,,110.043944,110.043944,RING,SIMPLE,,,,,
point,comm_m4,P2-comm_m4-none-none-r0-2103a2dc,nccl_tests,in_place,eager,4194304,38.015999,,,111.040737,111.040737,RING,SIMPLE,,,,,
point,comm_m4,P2-comm_m4-none-none-r0-2103a2dc,nccl_tests,out_of_place,eager,8388608,52.607998,,,160.409416,160.409416,N/A,N/A,,,,,
point,comm_m4,P2-comm_m4-none-none-r0-2103a2dc,nccl_tests,in_place,eager,8388608,51.743999,,,163.017621,163.017621,N/A,N/A,,,,,
point,comm_m4,P2-comm_m4-none-none-r0-2103a2dc,nccl_tests,out_of_place,eager,16777216,81.791997,,,206.461597,206.461597,N/A,N/A,,,,,
point,comm_m4,P2-comm_m4-none-none-r0-2103a2dc,nccl_tests,in_place,eager,16777216,79.807997,,,211.350897,211.350897,N/A,N/A,,,,,
point,comm_m4,P2-comm_m4-none-none-r0-2103a2dc,nccl_tests,out_of_place,eager,33554432,144.608006,,,233.232982,233.232982,N/A,N/A,,,,,
point,comm_m4,P2-comm_m4-none-none-r0-2103a2dc,nccl_tests,in_place,eager,33554432,144.575998,,,232.60954,232.60954,N/A,N/A,,,,,
point,comm_m4,P2-comm_m4-none-none-r0-2103a2dc,nccl_tests,out_of_place,eager,67108864,254.592001,,,264.01492,264.01492,N/A,N/A,,,,,
point,comm_m4,P2-comm_m4-none-none-r0-2103a2dc,nccl_tests,in_place,eager,67108864,254.400015,,,264.10355,264.10355,N/A,N/A,,,,,
point,comm_m4,P2-comm_m4-none-none-r0-2103a2dc,nccl_tests,out_of_place,eager,134217728,470.432013,,,285.813092,285.813092,N/A,N/A,,,,,
point,comm_m4,P2-comm_m4-none-none-r0-2103a2dc,nccl_tests,in_place,eager,134217728,467.680007,,,287.305297,287.305297,N/A,N/A,,,,,
point,comm_m4,P2-comm_m4-none-none-r0-2103a2dc,nccl_tests,out_of_place,eager,268435456,892.095983,,,301.706385,301.706385,N/A,N/A,,,,,
point,comm_m4,P2-comm_m4-none-none-r0-2103a2dc,nccl_tests,in_place,eager,268435456,893.664002,,,301.127409,301.127409,N/A,N/A,,,,,
point,comm_m4,P2-comm_m4-none-none-r0-2103a2dc,nccl_tests,out_of_place,graph,8,4.669217,,,0.001713,0.001713,,,,,,,
point,comm_m4,P2-comm_m4-none-none-r0-2103a2dc,nccl_tests,in_place,graph,8,4.83622,,,0.001654,0.001654,,,,,,,
point,comm_m4,P2-comm_m4-none-none-r0-2103a2dc,nccl_tests,out_of_place,graph,16,4.839217,,,0.003306,0.003306,,,,,,,
point,comm_m4,P2-comm_m4-none-none-r0-2103a2dc,nccl_tests,in_place,graph,16,4.810178,,,0.003326,0.003326,,,,,,,
point,comm_m4,P2-comm_m4-none-none-r0-2103a2dc,nccl_tests,out_of_place,graph,32,4.801664,,,0.006664,0.006664,,,,,,,
point,comm_m4,P2-comm_m4-none-none-r0-2103a2dc,nccl_tests,in_place,graph,32,4.805497,,,0.006659,0.006659,,,,,,,
point,comm_m4,P2-comm_m4-none-none-r0-2103a2dc,nccl_tests,out_of_place,graph,64,4.810562,,,0.013304,0.013304,,,,,,,
point,comm_m4,P2-comm_m4-none-none-r0-2103a2dc,nccl_tests,in_place,graph,64,4.799425,,,0.013335,0.013335,,,,,,,
point,comm_m4,P2-comm_m4-none-none-r0-2103a2dc,nccl_tests,out_of_place,graph,128,4.840865,,,0.026442,0.026442,,,,,,,
point,comm_m4,P2-comm_m4-none-none-r0-2103a2dc,nccl_tests,in_place,graph,128,4.826024,,,0.026523,0.026523,,,,,,,
point,comm_m4,P2-comm_m4-none-none-r0-2103a2dc,nccl_tests,out_of_place,graph,256,4.850919,,,0.052774,0.052774,,,,,,,
point,comm_m4,P2-comm_m4-none-none-r0-2103a2dc,nccl_tests,in_place,graph,256,4.832806,,,0.052971,0.052971,,,,,,,
point,comm_m4,P2-comm_m4-none-none-r0-2103a2dc,nccl_tests,out_of_place,graph,512,4.864448,,,0.105253,0.105253,,,,,,,
point,comm_m4,P2-comm_m4-none-none-r0-2103a2dc,nccl_tests,in_place,graph,512,4.87226,,,0.105085,0.105085,,,,,,,
point,comm_m4,P2-comm_m4-none-none-r0-2103a2dc,nccl_tests,out_of_place,graph,1024,4.903976,,,0.20881,0.20881,,,,,,,
point,comm_m4,P2-comm_m4-none-none-r0-2103a2dc,nccl_tests,in_place,graph,1024,4.864168,,,0.210519,0.210519,,,,,,,
point,comm_m4,P2-comm_m4-none-none-r0-2103a2dc,nccl_tests,out_of_place,graph,2048,4.991332,,,0.410311,0.410311,,,,,,,
point,comm_m4,P2-comm_m4-none-none-r0-2103a2dc,nccl_tests,in_place,graph,2048,4.981265,,,0.411141,0.411141,,,,,,,
point,comm_m4,P2-comm_m4-none-none-r0-2103a2dc,nccl_tests,out_of_place,graph,4096,5.157143,,,0.794238,0.794238,,,,,,,
point,comm_m4,P2-comm_m4-none-none-r0-2103a2dc,nccl_tests,in_place,graph,4096,5.143933,,,0.796278,0.796278,,,,,,,
point,comm_m4,P2-comm_m4-none-none-r0-2103a2dc,nccl_tests,out_of_place,graph,8192,5.600184,,,1.462809,1.462809,,,,,,,
point,comm_m4,P2-comm_m4-none-none-r0-2103a2dc,nccl_tests,in_place,graph,8192,5.585951,,,1.466536,1.466536,,,,,,,
point,comm_m4,P2-comm_m4-none-none-r0-2103a2dc,nccl_tests,out_of_place,graph,16384,5.684085,,,2.882434,2.882434,,,,,,,
point,comm_m4,P2-comm_m4-none-none-r0-2103a2dc,nccl_tests,in_place,graph,16384,5.686901,,,2.881007,2.881007,,,,,,,
point,comm_m4,P2-comm_m4-none-none-r0-2103a2dc,nccl_tests,out_of_place,graph,32768,5.892232,,,5.56122,5.56122,,,,,,,
point,comm_m4,P2-comm_m4-none-none-r0-2103a2dc,nccl_tests,in_place,graph,32768,5.879674,,,5.573098,5.573098,,,,,,,
point,comm_m4,P2-comm_m4-none-none-r0-2103a2dc,nccl_tests,out_of_place,graph,65536,5.966521,,,10.983956,10.983956,,,,,,,
point,comm_m4,P2-comm_m4-none-none-r0-2103a2dc,nccl_tests,in_place,graph,65536,5.927347,,,11.056549,11.056549,,,,,,,
point,comm_m4,P2-comm_m4-none-none-r0-2103a2dc,nccl_tests,out_of_place,graph,131072,6.552015,,,20.004839,20.004839,,,,,,,
point,comm_m4,P2-comm_m4-none-none-r0-2103a2dc,nccl_tests,in_place,graph,131072,6.140102,,,21.346878,21.346878,,,,,,,
point,comm_m4,P2-comm_m4-none-none-r0-2103a2dc,nccl_tests,out_of_place,graph,262144,7.818681,,,33.527905,33.527905,,,,,,,
point,comm_m4,P2-comm_m4-none-none-r0-2103a2dc,nccl_tests,in_place,graph,262144,7.815902,,,33.539827,33.539827,,,,,,,
point,comm_m4,P2-comm_m4-none-none-r0-2103a2dc,nccl_tests,out_of_place,graph,524288,9.633618,,,54.422752,54.422752,,,,,,,
point,comm_m4,P2-comm_m4-none-none-r0-2103a2dc,nccl_tests,in_place,graph,524288,9.612227,,,54.543865,54.543865,,,,,,,
point,comm_m4,P2-comm_m4-none-none-r0-2103a2dc,nccl_tests,out_of_place,graph,1048576,14.215426,,,73.76325,73.76325,,,,,,,
point,comm_m4,P2-comm_m4-none-none-r0-2103a2dc,nccl_tests,in_place,graph,1048576,14.186681,,,73.912708,73.912708,,,,,,,
point,comm_m4,P2-comm_m4-none-none-r0-2103a2dc,nccl_tests,out_of_place,graph,2097152,28.461379,,,73.684131,73.684131,,,,,,,
point,comm_m4,P2-comm_m4-none-none-r0-2103a2dc,nccl_tests,in_place,graph,2097152,27.109722,,,77.357931,77.357931,,,,,,,
point,comm_m4,P2-comm_m4-none-none-r0-2103a2dc,nccl_tests,out_of_place,graph,4194304,33.620832,,,124.75313,124.75313,,,,,,,
point,comm_m4,P2-comm_m4-none-none-r0-2103a2dc,nccl_tests,in_place,graph,4194304,31.824976,,,131.79284,131.79284,,,,,,,
point,comm_m4,P2-comm_m4-none-none-r0-2103a2dc,nccl_tests,out_of_place,graph,8388608,45.464145,,,184.510409,184.510409,,,,,,,
point,comm_m4,P2-comm_m4-none-none-r0-2103a2dc,nccl_tests,in_place,graph,8388608,45.465475,,,184.505013,184.505013,,,,,,,
point,comm_m4,P2-comm_m4-none-none-r0-2103a2dc,nccl_tests,out_of_place,graph,16777216,71.516237,,,234.593104,234.593104,,,,,,,
point,comm_m4,P2-comm_m4-none-none-r0-2103a2dc,nccl_tests,in_place,graph,16777216,75.252999,,,222.944153,222.944153,,,,,,,
point,comm_m4,P2-comm_m4-none-none-r0-2103a2dc,nccl_tests,out_of_place,graph,33554432,127.725073,,,262.708262,262.708262,,,,,,,
point,comm_m4,P2-comm_m4-none-none-r0-2103a2dc,nccl_tests,in_place,graph,33554432,137.91573,,,243.296628,243.296628,,,,,,,
point,comm_m4,P2-comm_m4-none-none-r0-2103a2dc,nccl_tests,out_of_place,graph,67108864,232.456382,,,288.694435,288.694435,,,,,,,
point,comm_m4,P2-comm_m4-none-none-r0-2103a2dc,nccl_tests,in_place,graph,67108864,248.779724,,,269.752144,269.752144,,,,,,,
point,comm_m4,P2-comm_m4-none-none-r0-2103a2dc,nccl_tests,out_of_place,graph,134217728,444.699905,,,301.816408,301.816408,,,,,,,
point,comm_m4,P2-comm_m4-none-none-r0-2103a2dc,nccl_tests,in_place,graph,134217728,461.30627,,,290.951449,290.951449,,,,,,,
point,comm_m4,P2-comm_m4-none-none-r0-2103a2dc,nccl_tests,out_of_place,graph,268435456,845.685576,,,317.417565,317.417565,,,,,,,
point,comm_m4,P2-comm_m4-none-none-r0-2103a2dc,nccl_tests,in_place,graph,268435456,881.668161,,,304.463139,304.463139,,,,,,,
fit,comm_m1,P2-comm_m1-none-none-r0-23f1f424,ca_1stage,,graph,,,,,,,,,,,14,4.870720207691193,281.98562232858797
fit,comm_m1,P2-comm_m1-none-none-r0-23f1f424,ca_2stage,,graph,,,,,,,,,,,14,7.944879122078417,206.77573112128812
fit,comm_m1,P2-comm_m1-none-none-r0-23f1f424,flashinfer_mnnvl,,graph,,,,,,,,,,,14,3.1080637127161026,247.35799463154993
fit,comm_m1,P2-comm_m1-none-none-r0-23f1f424,flashinfer_trtllm,,graph,,,,,,,,,,,14,2.6456033810973163,215.31742109890948
fit,comm_m1,P2-comm_m1-none-none-r0-23f1f424,pynccl,,graph,,,,,,,,,,,14,7.141690701246261,288.1183302501962
fit,comm_m1,P2-comm_m1-none-none-r0-23f1f424,pynccl-symm,,graph,,,,,,,,,,,14,8.567039854824543,241.4104539516025
fit,comm_m1,P2-comm_m1-none-none-r0-23f1f424,pynccl_ag,,graph,,,,,,,,,,,14,6.590580567717552,250.74144588138208
fit,comm_m1,P2-comm_m1-none-none-r0-23f1f424,pynccl_rs,,graph,,,,,,,,,,,13,6.2606651335954675,437.4074765051029
fit,comm_m1,P2-comm_m1-none-none-r0-23f1f424,symm_mem_multimem,,graph,,,,,,,,,,,14,9.402568452060223,146.18346074830123
fit,comm_m1,P2-comm_m1-none-none-r0-23f1f424,symm_mem_two_shot,,graph,,,,,,,,,,,14,10.379518382251261,222.56897144472265
fit,comm_m2,P0-comm_m2-none-none-r0-818ea63a,flashinfer_mnnvl_fused_allreduce_rmsnorm_oneshot,,,,,,,,,,,,,14,4.570838063955307,184.5685786174161
fit,comm_m2,P0-comm_m2-none-none-r0-818ea63a,flashinfer_mnnvl_fused_allreduce_rmsnorm_twoshot,,,,,,,,,,,,,14,5.061272531747818,184.41377659751004
fit,comm_m2,P0-comm_m2-none-none-r0-818ea63a,flashinfer_trtllm_fused_allreduce_rmsnorm_oneshot,,,,,,,,,,,,,14,5.349610000848769,176.1284344493604
fit,comm_m2,P0-comm_m2-none-none-r0-818ea63a,flashinfer_trtllm_fused_allreduce_rmsnorm_twoshot,,,,,,,,,,,,,12,87.45482191443443,180.27366926970103
fit,comm_m2,P0-comm_m2-none-none-r0-818ea63a,standard_allreduce__custom_rms_norm,,,,,,,,,,,,,14,24.202093482017517,61.169769888527895
fit,comm_m2,P0-comm_m2-none-none-r0-818ea63a,standard_allreduce__native_rms_norm,,,,,,,,,,,,,14,24.068914353847504,61.82987319387015
fit,comm_m2,P0-comm_m2-none-none-r0-818ea63a,standard_allreduce_rmsnorm_native_compiled,,,,,,,,,,,,,8,24.01713281869888,
fit,comm_m3,P0-comm_m3-none-none-r0-9d62af24,torch_nccl,none:none,eager,,,,,,,,,,,18,27.79999934136867,319.05811724745774
fit,comm_m3,P0-comm_m3-none-none-r0-9d62af24,torch_nccl,none:none,graph,,,,,,,,,,,18,12.543200142681597,311.9264540445379
fit,comm_m3,P2-comm_m3-none-none-r0-e178f7ba,torch_nccl,nvls:Simple,eager,,,,,,,,,,,18,42.23999939858913,206.7168592223583
fit,comm_m3,P2-comm_m3-none-none-r0-e178f7ba,torch_nccl,nvls:Simple,graph,,,,,,,,,,,18,24.317200481891625,202.798531556236
fit,comm_m3,P2-comm_m3-none-none-r0-d6e13031,torch_nccl,ring:LL,eager,,,,,,,,,,,18,26.664000004529953,112.12461294781437
fit,comm_m3,P2-comm_m3-none-none-r0-d6e13031,torch_nccl,ring:LL,graph,,,,,,,,,,,18,12.508000433444977,111.88965492280497
fit,comm_m3,P2-comm_m3-none-none-r0-f8c7571a,torch_nccl,ring:LL128,eager,,,,,,,,,,,18,30.895999632775773,291.51364050700187
fit,comm_m3,P2-comm_m3-none-none-r0-f8c7571a,torch_nccl,ring:LL128,graph,,,,,,,,,,,18,19.906800240278244,282.506778990418
fit,comm_m3,P2-comm_m3-none-none-r0-33cc249b,torch_nccl,ring:Simple,eager,,,,,,,,,,,18,26.98400011286139,330.39542661770736
fit,comm_m3,P2-comm_m3-none-none-r0-33cc249b,torch_nccl,ring:Simple,graph,,,,,,,,,,,18,21.582800149917603,313.70853352468174
fit,comm_m3,P2-comm_m3-none-none-r0-b75af1f7,torch_nccl,tree:LL,eager,,,,,,,,,,,18,25.911999866366386,103.6120766325857
fit,comm_m3,P2-comm_m3-none-none-r0-b75af1f7,torch_nccl,tree:LL,graph,,,,,,,,,,,18,12.461199983954428,103.59028804359392
fit,comm_m3,P2-comm_m3-none-none-r0-878505b3,torch_nccl,tree:LL128,eager,,,,,,,,,,,18,25.191999971866604,216.97527479595226
fit,comm_m3,P2-comm_m3-none-none-r0-878505b3,torch_nccl,tree:LL128,graph,,,,,,,,,,,18,17.65040010213852,216.96093933672094
fit,comm_m3,P2-comm_m3-none-none-r0-daaddc30,torch_nccl,tree:Simple,eager,,,,,,,,,,,18,42.34399925917387,329.67015132166597
fit,comm_m3,P2-comm_m3-none-none-r0-daaddc30,torch_nccl,tree:Simple,graph,,,,,,,,,,,18,22.91000001132488,326.8859349179689
fit,comm_m4,P2-comm_m4-none-none-r0-2103a2dc,nccl_tests,in_place,eager,,,,,,,,,,,26,14.528,309.94125836253113
fit,comm_m4,P2-comm_m4-none-none-r0-2103a2dc,nccl_tests,in_place,graph,,,,,,,,,,,26,4.868214,312.19182333719544
fit,comm_m4,P2-comm_m4-none-none-r0-2103a2dc,nccl_tests,out_of_place,eager,,,,,,,,,,,26,14.559999999999999,310.6646566857978
fit,comm_m4,P2-comm_m4-none-none-r0-2103a2dc,nccl_tests,out_of_place,graph,,,,,,,,,,,26,4.884212,324.6633572174513
